dataset_name,id,img_path,partition,label,subject,sequence,cropped_img,age,age_conf_fair,age_scores_fair,gender,gender_conf_fair,gender_scores_fair,race,race_conf_fair,race_scores_fair,race4,race_conf_fair_4,race_scores_fair_4,original_gender,emonet_emotion,emonet_logits,emonet_mapped
adfes,angry_fb1fedd3b64e71653dd17a239300d780,F01-Anger-Apex.jpg,val,angry,F01,fb1fedd3b64e71653dd17a239300d780,adfes/angry_fb1fedd3b64e71653dd17a239300d780.png,20-29,0.6515639,"[7.1991684e-07 1.9325118e-04 5.0699845e-02 6.5156388e-01 2.9160136e-01
 5.8803069e-03 5.9648639e-05 1.0137013e-06 1.9322664e-08]",Female,0.94849205,[0.05150795 0.94849205],White,0.90995795,"[9.0995795e-01 1.4275708e-04 5.8712397e-02 1.0424343e-04 1.1885357e-04
 3.0495331e-04 3.0658871e-02]",White,0.999281,[9.99280989e-01 1.15043033e-04 1.03169536e-04 5.00854687e-04],female,fear,"[-27.821995  -25.415518  -20.420586  -17.111065   -2.9876575  -6.8898253
  -5.270263  -19.117044 ]",fear
adfes,disgust_e844cea1ce89b422099f9588d6ccaf4f,F01-Disgust-Apex.jpg,val,disgust,F01,e844cea1ce89b422099f9588d6ccaf4f,adfes/disgust_e844cea1ce89b422099f9588d6ccaf4f.png,20-29,0.50866866,"[3.3432823e-08 1.4823860e-06 4.6550049e-03 5.0866866e-01 4.4667792e-01
 3.9169312e-02 8.1916351e-04 8.3056602e-06 7.7530629e-08]",Female,0.99264,[0.00735995 0.99264   ],White,0.9913737,"[9.9137372e-01 1.2254696e-07 6.3617743e-04 2.8764491e-06 2.2380848e-06
 1.0443606e-05 7.9745045e-03]",White,0.9998168,[9.9981678e-01 3.5781075e-06 6.5302347e-06 1.7314417e-04],female,disgust,"[-37.00851   -31.326784  -31.580505  -34.457367  -30.267859   -1.0880315
 -18.566832  -25.280333 ]",disgust
adfes,fear_d137955946dca6b9a85033081de3f320,F01-Fear-Apex.jpg,val,fear,F01,d137955946dca6b9a85033081de3f320,adfes/fear_d137955946dca6b9a85033081de3f320.png,20-29,0.76096827,"[4.3253943e-09 2.8127483e-06 2.5754018e-02 7.6096827e-01 2.1073589e-01
 2.5276749e-03 1.1260499e-05 1.0311513e-07 1.0328786e-09]",Female,0.9957431,[0.00425697 0.9957431 ],White,0.99045765,"[9.9045765e-01 9.2254237e-07 8.6181093e-04 1.1313008e-05 9.7853790e-06
 4.5964662e-06 8.6540524e-03]",White,0.99980235,[9.9980235e-01 1.8490067e-05 1.0246020e-04 7.6714001e-05],female,fear,"[-41.25191   -31.821701  -26.678352  -10.882931   -2.9422565 -10.674861
 -21.241922  -23.59392  ]",fear
adfes,happy_118365208c856b9df8e9488e3b1e41f6,F01-Joy-Apex.jpg,val,happy,F01,118365208c856b9df8e9488e3b1e41f6,adfes/happy_118365208c856b9df8e9488e3b1e41f6.png,20-29,0.82597715,"[3.8452233e-09 5.7418893e-06 3.2068461e-02 8.2597715e-01 1.4048307e-01
 1.4590732e-03 6.4396727e-06 6.0270111e-08 9.2509872e-10]",Female,0.99975914,[2.4084438e-04 9.9975914e-01],White,0.99904907,"[9.9904907e-01 3.9725566e-07 2.2758382e-04 2.0027242e-06 1.6383314e-06
 1.9140668e-06 7.1742799e-04]",White,0.99981856,[9.9981856e-01 1.8556331e-05 3.7742750e-05 1.2508497e-04],female,happy,"[-19.340984  -2.614906 -27.310637 -19.014467 -24.199797  -8.676577
 -19.553843  -5.625954]",happy
adfes,neutral_88a3a2aceb33dffb2c27ccbfff389c94,F01-Neutral.jpg,val,neutral,F01,88a3a2aceb33dffb2c27ccbfff389c94,adfes/neutral_88a3a2aceb33dffb2c27ccbfff389c94.png,20-29,0.84180534,"[3.9831538e-09 7.8892854e-06 7.3623851e-02 8.4180534e-01 8.4129483e-02
 4.3259750e-04 8.2755884e-07 6.1868812e-09 7.3536288e-11]",Female,0.999196,[8.039556e-04 9.991960e-01],White,0.9893912,"[9.8939121e-01 5.5419724e-07 8.2401582e-04 1.2852152e-05 6.7207334e-06
 8.2750657e-06 9.7564468e-03]",White,0.99984455,[9.9984455e-01 2.2415294e-05 4.3554173e-05 8.9553585e-05],female,neutral,"[ -6.870534 -21.543768 -23.09498  -14.523355 -23.508076  -8.105156
 -16.267267 -15.315304]",neutral
adfes,sad_2ab9954e9114dfcdbdf79bd2ecea0f61,F01-Sad-Apex.jpg,val,sad,F01,2ab9954e9114dfcdbdf79bd2ecea0f61,adfes/sad_2ab9954e9114dfcdbdf79bd2ecea0f61.png,20-29,0.81512356,"[3.5602103e-08 1.2487389e-05 2.6762176e-02 8.1512356e-01 1.5645021e-01
 1.6416126e-03 9.7432121e-06 9.7832014e-08 1.2927035e-09]",Female,0.9927562,[0.00724385 0.9927562 ],White,0.9910912,"[9.9109119e-01 7.4032191e-06 3.0772816e-03 1.6139098e-05 1.0799061e-05
 1.9242911e-05 5.7780501e-03]",White,0.9995602,[9.9956018e-01 5.2554828e-05 8.5319014e-05 3.0194092e-04],female,disgust,"[-21.242476  -28.896444   -9.071369  -28.080748  -18.902761   -1.6508203
 -16.601145  -18.569885 ]",disgust
adfes,angry_bf635fc533bb8c858eb932f78a8ffb1d,F02-Anger-Apex.jpg,train,angry,F02,bf635fc533bb8c858eb932f78a8ffb1d,adfes/angry_bf635fc533bb8c858eb932f78a8ffb1d.png,20-29,0.46757302,"[1.5728942e-06 2.2015834e-04 3.9680887e-02 4.6757302e-01 4.3022525e-01
 6.1509054e-02 7.7857036e-04 1.1177710e-05 2.4587058e-07]",Female,0.99934477,[6.5522530e-04 9.9934477e-01],White,0.9992008,"[9.9920082e-01 1.5331329e-08 1.5309498e-04 1.4652167e-06 2.0075793e-06
 8.6127102e-07 6.4180029e-04]",White,0.9999298,[9.99929786e-01 8.76361014e-07 5.88533112e-05 1.05848985e-05],female,anger,"[-19.413256  -26.041752  -21.428534  -14.270229   -3.9296534 -10.248175
  -3.607686  -12.72615  ]",angry
adfes,disgust_2f21840c0e198c3baf053d641c41490e,F02-Disgust-Apex.jpg,train,disgust,F02,2f21840c0e198c3baf053d641c41490e,adfes/disgust_2f21840c0e198c3baf053d641c41490e.png,30-39,0.50566286,"[1.9041870e-07 1.2922442e-05 6.7010960e-03 4.0948161e-01 5.0566286e-01
 7.6810077e-02 1.3150597e-03 1.5961341e-05 2.5590913e-07]",Female,0.99993736,[6.2600106e-05 9.9993736e-01],White,0.995887,"[9.9588698e-01 2.5110744e-08 2.3718512e-04 4.7457306e-07 9.1958526e-07
 5.1824359e-06 3.8692013e-03]",White,0.99939066,[9.9939066e-01 2.3459388e-06 1.4862430e-04 4.5843516e-04],female,disgust,"[-42.068447  -30.41515   -40.52049   -18.87301   -22.460705   -2.7312272
 -16.431604  -25.692213 ]",disgust
adfes,fear_f0e7dc05c10cda39f2b9a55017407365,F02-Fear-Apex.jpg,train,fear,F02,f0e7dc05c10cda39f2b9a55017407365,adfes/fear_f0e7dc05c10cda39f2b9a55017407365.png,30-39,0.5228884,"[1.1169606e-06 1.0418977e-04 1.8890694e-02 3.0136999e-01 5.2288842e-01
 1.5035875e-01 6.1204182e-03 2.6129096e-04 5.0875487e-06]",Female,0.9999503,[4.9636557e-05 9.9995029e-01],White,0.99801075,"[9.9801075e-01 6.7188097e-08 4.5306413e-04 2.7650976e-05 2.2303469e-05
 9.1497355e-07 1.4851270e-03]",White,0.99712974,[9.9712974e-01 7.2626716e-07 2.8365478e-03 3.2987791e-05],female,fear,"[-32.88606   -24.568645  -29.033062   -7.861671   -3.1615708 -11.971994
 -13.523671  -18.37689  ]",fear
adfes,happy_956ebc9aa2edefce956eb17e276377e7,F02-Joy-Apex.jpg,train,happy,F02,956ebc9aa2edefce956eb17e276377e7,adfes/happy_956ebc9aa2edefce956eb17e276377e7.png,20-29,0.65798664,"[1.0588584e-06 1.8051377e-04 6.6956364e-02 6.5798664e-01 2.4225684e-01
 3.1586651e-02 9.9631713e-04 3.4553628e-05 9.7767622e-07]",Female,0.9996201,[3.799224e-04 9.996201e-01],White,0.9991993,"[9.99199271e-01 1.13150314e-07 1.48508392e-04 3.07505725e-05
 1.67061989e-05 6.42109399e-07 6.03982538e-04]",White,0.99978185,[9.9978185e-01 4.3171318e-07 2.1247139e-04 5.2602422e-06],female,happy,"[-25.769053   -0.7277738 -30.89512   -35.364365  -38.152367  -20.014214
 -26.928377  -10.210392 ]",happy
adfes,sad_2ef6bea28421be9d7066b81557638f12,F07-Sad-Apex.jpg,train,sad,F07,2ef6bea28421be9d7066b81557638f12,adfes/sad_2ef6bea28421be9d7066b81557638f12.png,30-39,0.5782234,"[5.8026970e-08 9.3038334e-06 4.7125602e-03 2.2546564e-01 5.7822341e-01
 1.8671761e-01 4.7799223e-03 8.8209148e-05 3.3576137e-06]",Female,0.99997526,[2.4711730e-05 9.9997526e-01],Middle Eastern,0.98715806,"[1.1029701e-03 1.1826526e-06 9.3876652e-04 4.1388034e-06 1.9582172e-04
 1.0599044e-02 9.8715806e-01]",Indian,0.9191697,[7.647248e-02 3.643165e-05 4.321325e-03 9.191697e-01],female,sad,"[-18.025846  -32.434475   -3.517642  -26.920408  -16.594267   -6.6091437
 -17.645487  -17.593897 ]",sad
adfes,angry_31f154656cf5346e9b453730cfc12757,F08-Anger-Apex.jpg,train,angry,F08,31f154656cf5346e9b453730cfc12757,adfes/angry_31f154656cf5346e9b453730cfc12757.png,20-29,0.7045298,"[3.5215053e-06 5.3210917e-04 4.6661098e-02 7.0452982e-01 2.3670058e-01
 1.1457866e-02 1.1317240e-04 1.7484298e-06 5.5141879e-08]",Female,0.9637822,[0.03621779 0.9637822 ],White,0.7638591,"[7.6385909e-01 2.7156498e-06 6.3935876e-02 5.4573808e-03 1.6803022e-03
 1.3424125e-02 1.5164058e-01]",White,0.91094625,[9.1094625e-01 9.9539984e-06 2.7308719e-02 6.1735064e-02],female,anger,"[ -7.4845185 -12.7451315 -13.999773  -27.61196   -21.766844   -9.303776
  -3.8492248  -7.1735706]",angry
adfes,disgust_cdf813f30baebac5a657886e59a04a5f,F08-Disgust-Apex.jpg,train,disgust,F08,cdf813f30baebac5a657886e59a04a5f,adfes/disgust_cdf813f30baebac5a657886e59a04a5f.png,20-29,0.6782225,"[4.88061687e-07 5.69384865e-05 2.13811845e-02 6.78222477e-01
 2.78454512e-01 2.15282254e-02 3.49604408e-04 6.52961717e-06
 1.13430396e-07]",Female,0.9976021,[0.00239787 0.9976021 ],White,0.47737542,"[4.7737542e-01 1.3993769e-06 3.7287388e-02 6.7971344e-03 2.2610626e-03
 1.9324817e-02 4.5695278e-01]",White,0.9474218,[9.4742179e-01 3.3629590e-06 6.9167283e-03 4.5658190e-02],female,disgust,"[-33.954086  -31.404013  -40.60409   -30.20911   -37.816658   -2.4706783
 -17.854284  -24.089294 ]",disgust
adfes,fear_222ecb87ed8e485ffa51e4e54300b9b8,F08-Fear-Apex.jpg,train,fear,F08,222ecb87ed8e485ffa51e4e54300b9b8,adfes/fear_222ecb87ed8e485ffa51e4e54300b9b8.png,20-29,0.53529316,"[3.5155290e-06 8.2843524e-04 5.9988718e-02 5.3529316e-01 3.4936714e-01
 5.3086273e-02 1.3872536e-03 4.4499491e-05 1.0465093e-06]",Female,0.9997735,[2.2646964e-04 9.9977350e-01],White,0.48299038,"[4.8299038e-01 4.8099258e-07 3.8468029e-02 7.8323571e-04 5.6904892e-04
 2.2432074e-02 4.5475674e-01]",White,0.8884843,[8.8848430e-01 5.0978701e-06 6.1138151e-03 1.0539673e-01],female,fear,"[-36.765545  -30.359756  -20.580938  -14.344607   -1.8231171  -6.441481
 -16.641886  -20.440691 ]",fear
adfes,happy_05448c928ef53f754132eea907e8fb19,F08-Joy-Apex.jpg,train,happy,F08,05448c928ef53f754132eea907e8fb19,adfes/happy_05448c928ef53f754132eea907e8fb19.png,20-29,0.8081611,"[1.4116085e-07 1.4132855e-04 7.4571826e-02 8.0816108e-01 1.1482079e-01
 2.2913872e-03 1.3182761e-05 2.2741303e-07 3.9088368e-09]",Female,0.99970907,[2.9096025e-04 9.9970907e-01],White,0.8100835,"[8.1008351e-01 4.1294034e-06 4.8119210e-02 5.3089010e-03 2.9972433e-03
 4.6842853e-03 1.2880276e-01]",White,0.9774375,[9.7743750e-01 3.1010254e-06 1.3316191e-02 9.2431167e-03],female,happy,"[-16.30407    -1.9499452 -32.434956  -20.667458  -29.519     -13.306578
 -20.906998   -8.190597 ]",happy
adfes,neutral_8dfd92821ce4c6cfb441fd755ea73a9e,F08-Neutral.jpg,train,neutral,F08,8dfd92821ce4c6cfb441fd755ea73a9e,adfes/neutral_8dfd92821ce4c6cfb441fd755ea73a9e.png,20-29,0.7997577,"[2.5158567e-07 3.5874973e-04 1.1285587e-01 7.9975772e-01 8.4995747e-02
 2.0236142e-03 7.9061729e-06 1.6682738e-07 3.5742800e-09]",Female,0.9994864,[5.136048e-04 9.994864e-01],Middle Eastern,0.83636963,"[1.3031740e-01 5.6017370e-07 2.1321582e-02 1.8487443e-03 8.3237293e-04
 9.3097230e-03 8.3636963e-01]",White,0.8468428,[8.4684283e-01 3.8542443e-05 1.3200238e-02 1.3991836e-01],female,neutral,"[ -7.385288 -23.488667 -24.75401  -31.508913 -38.443336 -12.608886
 -18.708277 -13.222805]",neutral
adfes,sad_66a6cd2337253e9f2a1bc718533d848f,F08-Sad-Apex.jpg,train,sad,F08,66a6cd2337253e9f2a1bc718533d848f,adfes/sad_66a6cd2337253e9f2a1bc718533d848f.png,20-29,0.49357393,"[4.8809596e-07 4.5354584e-05 1.2721533e-02 4.9357393e-01 4.5129779e-01
 4.1886654e-02 4.6787280e-04 6.3167877e-06 6.3221776e-08]",Female,0.99890286,[0.0010971  0.99890286],White,0.6566557,"[6.5665573e-01 1.4001025e-06 1.2074694e-01 5.8470857e-03 2.6711319e-03
 2.0894319e-02 1.9318336e-01]",White,0.9607057,[9.6070570e-01 2.4586393e-06 1.5144275e-02 2.4147479e-02],female,sad,"[ -9.6199    -22.591814   -5.502158  -23.631327  -13.811785   -5.6825204
  -5.5644746 -11.803163 ]",sad
adfes,angry_c16de62913c0d56b5b029c56e4139534,F09-Anger-Apex.jpg,train,angry,F09,c16de62913c0d56b5b029c56e4139534,adfes/angry_c16de62913c0d56b5b029c56e4139534.png,30-39,0.7034477,"[1.2847770e-06 2.3316871e-04 2.4669524e-02 1.7408301e-01 7.0344770e-01
 9.5595010e-02 1.9531497e-03 1.6966927e-05 1.1894982e-07]",Female,0.9996067,[3.932793e-04 9.996067e-01],Latino_Hispanic,0.84763277,"[0.11025597 0.001497   0.84763277 0.00099452 0.00211047 0.02360692
 0.01390239]",White,0.7091062,[0.7091062  0.0126175  0.08181091 0.19646546],female,anger,"[-15.751436  -14.499247  -23.13371   -25.779402  -22.422178   -6.9234195
  -3.4921844  -7.5818615]",angry
adfes,disgust_9c40fbb68b824cd0821580f982f1ba1b,F09-Disgust-Apex.jpg,train,disgust,F09,9c40fbb68b824cd0821580f982f1ba1b,adfes/disgust_9c40fbb68b824cd0821580f982f1ba1b.png,20-29,0.58259016,"[1.4926725e-07 5.5604600e-05 4.0884931e-02 5.8259016e-01 3.6384934e-01
 1.2534596e-02 8.4399893e-05 7.7525340e-07 6.0265184e-09]",Female,0.99944973,[5.5031542e-04 9.9944973e-01],Latino_Hispanic,0.76385194,"[2.11224511e-01 4.50296939e-04 7.63851941e-01 2.41087610e-03
 2.55880877e-03 7.02276640e-03 1.24808485e-02]",White,0.9278493,[0.9278493  0.00503638 0.03259535 0.03451894],female,disgust,"[-48.733715  -36.912838  -27.370085  -36.37615   -26.455156   -1.4062963
 -15.410546  -29.820423 ]",disgust
adfes,fear_e4be9645e1a573789e7018295c4f3848,F09-Fear-Apex.jpg,train,fear,F09,e4be9645e1a573789e7018295c4f3848,adfes/fear_e4be9645e1a573789e7018295c4f3848.png,30-39,0.6113259,"[2.6395155e-06 9.6582790e-04 7.8436024e-02 2.6409587e-01 6.1132592e-01
 4.4355195e-02 8.0063083e-04 1.7654282e-05 2.5370116e-07]",Female,0.99861825,[0.00138171 0.99861825],Latino_Hispanic,0.79504144,"[0.15582578 0.00080972 0.79504144 0.00142855 0.00211898 0.00533801
 0.03943757]",White,0.67378974,[0.67378974 0.00766992 0.13981773 0.17872266],female,fear,"[-34.280975  -22.350817  -30.907848   -7.042398   -5.7272105  -8.856035
 -13.249636  -19.684921 ]",fear
adfes,happy_dd6c2880be8bf62dbbb7a7f4acc07491,F09-Joy-Apex.jpg,train,happy,F09,dd6c2880be8bf62dbbb7a7f4acc07491,adfes/happy_dd6c2880be8bf62dbbb7a7f4acc07491.png,20-29,0.7337184,"[4.9038814e-08 1.2578246e-04 7.9942636e-02 7.3371840e-01 1.8441580e-01
 1.7897786e-03 7.5453640e-06 5.8887615e-08 7.5497397e-10]",Female,0.9999481,[5.189067e-05 9.999481e-01],Latino_Hispanic,0.6832943,"[2.8532493e-01 1.9641498e-03 6.8329430e-01 1.4072182e-04 3.2059749e-04
 1.4995636e-02 1.3959710e-02]",White,0.9202328,[0.9202328  0.00550526 0.0036463  0.07061576],female,happy,"[-20.084526   -1.7494465 -33.01066   -23.397543  -31.399971  -16.52034
 -24.063349   -5.7435   ]",happy
adfes,neutral_f6c12249763d0b2a914fcb2fafa165c1,F09-Neutral.jpg,train,neutral,F09,f6c12249763d0b2a914fcb2fafa165c1,adfes/neutral_f6c12249763d0b2a914fcb2fafa165c1.png,20-29,0.5449908,"[3.1465251e-07 2.3446323e-03 3.8680977e-01 5.4499078e-01 6.5272979e-02
 5.7976681e-04 1.7843756e-06 2.3924299e-08 4.3880607e-10]",Female,0.99991256,[8.7425557e-05 9.9991256e-01],Latino_Hispanic,0.80999744,"[1.2905256e-01 5.9649593e-04 8.0999744e-01 1.7075079e-04 4.5455390e-04
 4.4054221e-02 1.5673961e-02]",Indian,0.51676565,[0.44904935 0.0029825  0.03120253 0.51676565],female,neutral,"[ -8.961476 -10.818431 -35.767014 -12.656689 -32.24269  -19.004515
 -26.451033 -10.937738]",neutral
adfes,sad_2499d06a56af39382dec4c0953317ba2,F09-Sad-Apex.jpg,train,sad,F09,2499d06a56af39382dec4c0953317ba2,adfes/sad_2499d06a56af39382dec4c0953317ba2.png,30-39,0.7445876,"[8.6819945e-08 1.8436636e-05 7.1693812e-03 1.6840716e-01 7.4458760e-01
 7.8998871e-02 8.1411394e-04 4.3765112e-06 1.9939604e-08]",Female,0.999751,[2.4903237e-04 9.9975097e-01],Latino_Hispanic,0.8396855,"[1.0462747e-01 1.8509337e-03 8.3968550e-01 6.0393842e-05 2.0821732e-04
 1.8060464e-02 3.5506994e-02]",White,0.8607482,[0.8607482  0.00466746 0.00415522 0.13042916],female,disgust,"[-12.432687  -26.585672   -6.537651  -22.336555  -14.159879   -3.9460797
  -5.7765636 -14.939446 ]",disgust
adfes,angry_519e6462468bfc1c0127741423b9396a,F10-Anger-Apex.jpg,val,angry,F10,519e6462468bfc1c0127741423b9396a,adfes/angry_519e6462468bfc1c0127741423b9396a.png,20-29,0.6490968,"[1.7337129e-07 3.0696974e-04 1.3281617e-01 6.4909679e-01 2.1385740e-01
 3.9040179e-03 1.8154549e-05 3.0090274e-07 4.8154880e-09]",Female,0.98876756,[0.01123243 0.98876756],Latino_Hispanic,0.81821537,"[4.3376565e-02 2.0441512e-04 8.1821537e-01 2.4125224e-03 1.2667296e-02
 6.9591731e-02 5.3532127e-02]",White,0.45947534,[0.45947534 0.00121988 0.18821186 0.35109288],female,anger,"[-13.304276  -30.988836  -14.206804  -42.088085  -32.55315   -11.285288
  -4.4067583 -14.669189 ]",angry
adfes,disgust_589db5320fcf7bdc1f6fd4b0112e38ef,F10-Disgust-Apex.jpg,val,disgust,F10,589db5320fcf7bdc1f6fd4b0112e38ef,adfes/disgust_589db5320fcf7bdc1f6fd4b0112e38ef.png,20-29,0.7383537,"[1.7669791e-07 8.1325576e-05 8.3121412e-02 7.3835373e-01 1.7525154e-01
 3.1739934e-03 1.7524722e-05 3.7078030e-07 7.5602244e-09]",Female,0.91022396,[0.08977607 0.91022396],Latino_Hispanic,0.6153389,"[1.4202170e-01 1.1093042e-04 6.1533892e-01 5.0674500e-03 8.2727028e-03
 4.5550838e-02 1.8363741e-01]",White,0.63832533,[6.3832533e-01 4.0790296e-04 4.4227701e-02 3.1703904e-01],female,disgust,"[-36.14355   -29.03568   -31.26637   -27.504341  -29.10085    -1.5705928
 -15.450724  -22.560715 ]",disgust
adfes,fear_71a94a8174111c60e093775f33ea7c54,F10-Fear-Apex.jpg,val,fear,F10,71a94a8174111c60e093775f33ea7c54,adfes/fear_71a94a8174111c60e093775f33ea7c54.png,30-39,0.48324746,"[8.5938160e-07 1.7211713e-04 7.2389953e-02 3.9527768e-01 4.8324746e-01
 4.7629651e-02 1.2338897e-03 4.7746176e-05 6.5347388e-07]",Female,0.97503585,[0.02496413 0.97503585],Latino_Hispanic,0.68099254,"[9.9641331e-02 9.6073629e-05 6.8099254e-01 4.9933488e-03 1.6752202e-02
 4.1314561e-02 1.5620992e-01]",White,0.6032866,[6.03286624e-01 1.31627850e-04 1.23112366e-01 2.73469388e-01],female,fear,"[-38.857376  -34.03599   -21.609753  -13.905641   -1.9478201 -11.456425
 -21.098461  -20.137903 ]",fear
adfes,happy_907fc8e2d64195100f22558db0cf9794,F10-Joy-Apex.jpg,val,happy,F10,907fc8e2d64195100f22558db0cf9794,adfes/happy_907fc8e2d64195100f22558db0cf9794.png,20-29,0.5603607,"[1.2198673e-07 5.0176830e-05 3.9320167e-02 5.6036073e-01 3.8451076e-01
 1.5530624e-02 2.2344623e-04 3.8362564e-06 2.8773020e-08]",Female,0.9964404,[0.00355954 0.9964404 ],Latino_Hispanic,0.7005041,"[1.4811426e-01 2.2172765e-04 7.0050412e-01 7.8471601e-03 1.4618265e-02
 1.3948277e-02 1.1474623e-01]",White,0.43502137,[0.43502137 0.00460179 0.2679304  0.2924464 ],female,happy,"[-17.991167   -3.1650972 -28.5088    -32.717316  -41.26844   -17.98515
 -30.510828   -5.0190825]",happy
adfes,neutral_4f4d5bca7892417209e2d067e6efcf3a,F10-Neutral.jpg,val,neutral,F10,4f4d5bca7892417209e2d067e6efcf3a,adfes/neutral_4f4d5bca7892417209e2d067e6efcf3a.png,20-29,0.5959707,"[1.5628349e-07 4.7637924e-04 3.5147199e-01 5.9597069e-01 5.1400125e-02
 6.7791645e-04 2.6779890e-06 9.3748689e-08 1.8359073e-09]",Female,0.9734313,[0.02656873 0.9734313 ],Latino_Hispanic,0.78985155,"[3.1806145e-02 1.3909055e-04 7.8985155e-01 6.6621481e-03 2.4106525e-02
 5.7941914e-02 8.9492626e-02]",Indian,0.5200973,[1.4681019e-01 4.7978081e-04 3.3261272e-01 5.2009732e-01],female,neutral,"[ -6.741605 -18.027115 -26.89171  -21.031958 -34.14303  -18.451225
 -27.169685 -11.292385]",neutral
adfes,sad_a8676ab62c68d5572815a65eed0a7799,F10-Sad-Apex.jpg,val,sad,F10,a8676ab62c68d5572815a65eed0a7799,adfes/sad_a8676ab62c68d5572815a65eed0a7799.png,20-29,0.5520317,"[2.6745420e-07 1.3863987e-04 7.1565010e-02 5.5203170e-01 3.5975099e-01
 1.6351959e-02 1.5769072e-04 3.6930703e-06 4.9524985e-08]",Female,0.95480007,[0.04519991 0.95480007],Latino_Hispanic,0.68646353,"[5.1429924e-02 1.9236536e-04 6.8646353e-01 5.5416941e-04 2.5393271e-03
 8.8871501e-02 1.6994908e-01]",Indian,0.4674824,[4.1259345e-01 2.7837808e-04 1.1964581e-01 4.6748239e-01],female,sad,"[-13.395716 -37.030514  -5.195425 -35.96599  -28.772463 -11.924408
 -18.174622 -16.749914]",sad
adfes,angry_17a950c10c79c002fea9118d22f26556,M01-Anger-Apex.jpg,train,angry,M01,17a950c10c79c002fea9118d22f26556,adfes/angry_17a950c10c79c002fea9118d22f26556.png,20-29,0.5984539,"[1.1608649e-07 4.1591998e-06 1.6825415e-02 5.9845388e-01 3.7375933e-01
 1.0873421e-02 8.2426996e-05 1.2845077e-06 1.9277687e-08]",Male,0.99933326,[9.9933326e-01 6.6681055e-04],Latino_Hispanic,0.8606794,"[0.04371135 0.0135529  0.8606794  0.00264134 0.01148729 0.01472885
 0.05319884]",Asian,0.49184597,[0.28148007 0.02502128 0.49184597 0.20165269],male,disgust,"[-36.773136 -44.461094 -28.688366 -43.69671  -33.05403   -5.631236
  -6.201957 -20.731747]",disgust
adfes,disgust_5e7637f05550eed4ccd38b324a837e1f,M01-Disgust-Apex.jpg,train,disgust,M01,5e7637f05550eed4ccd38b324a837e1f,adfes/disgust_5e7637f05550eed4ccd38b324a837e1f.png,20-29,0.6320078,"[2.1786374e-08 6.8976533e-07 7.2065452e-03 6.3200778e-01 3.5076901e-01
 9.9141523e-03 1.0027600e-04 1.5392067e-06 1.7104711e-08]",Male,0.9999037,[9.999037e-01 9.630264e-05],Latino_Hispanic,0.8784948,"[0.04190688 0.01721434 0.8784948  0.00113136 0.00451805 0.02179904
 0.0349356 ]",White,0.49509785,[0.49509785 0.04992272 0.07151228 0.38346714],male,disgust,"[-24.41695   -23.69018   -28.863304  -24.75733   -30.38324    -1.5151882
 -16.231506  -18.438198 ]",disgust
adfes,fear_c2365a94f1bc626e522a9f91afbb549c,M01-Fear-Apex.jpg,train,fear,M01,c2365a94f1bc626e522a9f91afbb549c,adfes/fear_c2365a94f1bc626e522a9f91afbb549c.png,20-29,0.59645456,"[1.7043800e-07 6.7195460e-06 1.8101649e-02 5.9645456e-01 3.7093604e-01
 1.4254495e-02 2.3491742e-04 1.1262944e-05 2.3176651e-07]",Male,0.99559623,[0.99559623 0.00440379],Latino_Hispanic,0.7309768,"[0.09423774 0.00834231 0.7309768  0.00184189 0.00927835 0.00927265
 0.14605027]",White,0.71281457,[0.71281457 0.00321382 0.2613521  0.02261955],male,fear,"[-35.5034    -31.887468  -30.846209   -6.7899914  -5.4698706 -11.139505
 -14.243087  -21.539644 ]",fear
adfes,happy_9271253734278485facf1aa7e9090566,M01-Joy-Apex.jpg,train,happy,M01,9271253734278485facf1aa7e9090566,adfes/happy_9271253734278485facf1aa7e9090566.png,20-29,0.7369583,"[2.4671886e-07 4.7676760e-05 7.3222287e-02 7.3695832e-01 1.8515410e-01
 4.5511210e-03 6.3655461e-05 2.6827540e-06 4.8714888e-08]",Male,0.99894303,[0.99894303 0.00105698],Latino_Hispanic,0.7908496,"[0.1292628  0.00829474 0.7908496  0.00340039 0.00876927 0.01046816
 0.04895507]",White,0.5135794,[0.5135794  0.05398019 0.41181448 0.02062589],male,happy,"[-13.528254   -3.5680485 -20.349215  -33.062668  -34.866737  -10.240385
 -14.556992   -4.6922345]",happy
adfes,neutral_c3b530a3d16f427da9c0e7d28eee2d00,M01-Neutral.jpg,train,neutral,M01,c3b530a3d16f427da9c0e7d28eee2d00,adfes/neutral_c3b530a3d16f427da9c0e7d28eee2d00.png,20-29,0.8544023,"[4.6083841e-08 1.0609362e-05 6.4796954e-02 8.5440230e-01 8.0166303e-02
 6.2073790e-04 2.9166429e-06 1.2004327e-07 2.6986644e-09]",Male,0.9979038,[0.9979038  0.00209616],Latino_Hispanic,0.75894105,"[0.06928381 0.04223169 0.75894105 0.00096081 0.00607512 0.03529351
 0.08721396]",Asian,0.38172114,[0.24900246 0.07028621 0.38172114 0.29899025],male,neutral,"[ -6.2011423 -19.69269   -19.224585  -22.959614  -30.6533     -8.657203
 -13.347715  -13.241339 ]",neutral
adfes,sad_8b5c3628331562d27ffbd62191eb5195,M01-Sad-Apex.jpg,train,sad,M01,8b5c3628331562d27ffbd62191eb5195,adfes/sad_8b5c3628331562d27ffbd62191eb5195.png,20-29,0.7388207,"[4.1048128e-08 1.3146098e-06 1.1728157e-02 7.3882067e-01 2.4516936e-01
 4.2498335e-03 2.9476430e-05 1.1342563e-06 1.6279586e-08]",Male,0.99996567,[9.9996567e-01 3.4391476e-05],Latino_Hispanic,0.7656598,"[0.10098857 0.00315366 0.7656598  0.01089236 0.02137039 0.00623941
 0.09169575]",White,0.73575115,[0.73575115 0.00773736 0.22684327 0.0296683 ],male,disgust,"[-18.383167  -21.370096   -8.2958355 -14.245769  -13.522586   -1.1842856
 -15.684122  -14.856072 ]",disgust
adfes,angry_bb596d1aec7a96a8f8e5b134158e2f72,M02-Anger-Apex.jpg,train,angry,M02,bb596d1aec7a96a8f8e5b134158e2f72,adfes/angry_bb596d1aec7a96a8f8e5b134158e2f72.png,20-29,0.83306587,"[2.1574898e-07 1.4485217e-04 1.4333528e-01 8.3306587e-01 2.3216147e-02
 2.3673303e-04 9.6665519e-07 9.8769783e-09 1.4050926e-10]",Male,0.9999999,[9.9999988e-01 1.2905781e-07],White,0.99833333,"[9.9833333e-01 2.7002582e-07 3.0857051e-04 6.7660990e-06 1.2885372e-05
 4.9276923e-06 1.3332373e-03]",White,0.9999103,[9.999103e-01 7.892033e-08 8.904700e-05 5.077093e-07],male,anger,"[-13.663262 -11.103135 -18.411102 -30.047655 -22.623495  -8.694769
  -4.350915  -6.184985]",angry
adfes,disgust_64dd75e1a9315e9f58ba8484c853f42c,M02-Disgust-Apex.jpg,train,disgust,M02,64dd75e1a9315e9f58ba8484c853f42c,adfes/disgust_64dd75e1a9315e9f58ba8484c853f42c.png,20-29,0.91533035,"[1.3904322e-07 6.2769046e-05 5.3510711e-02 9.1533035e-01 3.0712564e-02
 3.8081969e-04 2.5655847e-06 3.7435470e-08 6.5992162e-10]",Male,0.9999979,[9.9999791e-01 2.0867449e-06],White,0.9920605,"[9.9206048e-01 1.1435086e-06 1.3387388e-03 8.3088098e-06 1.4472333e-05
 1.1049618e-05 6.5658460e-03]",White,0.9999911,[9.9999112e-01 6.3757801e-07 4.1730673e-06 4.0430277e-06],male,disgust,"[-33.60542   -18.90434   -30.483765  -24.866373  -24.680466   -1.6266198
 -15.675932  -19.97996  ]",disgust
adfes,fear_37dd341f60188649b5fb3d5bab2eba69,M02-Fear-Apex.jpg,train,fear,M02,37dd341f60188649b5fb3d5bab2eba69,adfes/fear_37dd341f60188649b5fb3d5bab2eba69.png,20-29,0.7327201,"[5.2594339e-07 2.3845556e-04 1.6964819e-01 7.3272008e-01 9.0211384e-02
 7.0475028e-03 1.3167749e-04 2.1100609e-06 4.3010278e-08]",Male,0.99998957,[9.9998957e-01 1.0422697e-05],White,0.99995834,"[9.9995834e-01 3.5981259e-08 7.5737348e-06 1.0377677e-05 8.5638567e-06
 7.9428062e-08 1.5041494e-05]",White,0.99996877,[9.9996877e-01 5.5496474e-07 3.0503619e-05 1.9418785e-07],male,surprise,"[-36.844738  -27.247744  -37.468723   -6.274125   -8.6211195 -15.616756
 -16.989397  -15.949001 ]",surprise
adfes,happy_92dae28f327d6a8ac3235a50688a5e9a,M02-Joy-Apex.jpg,train,happy,M02,92dae28f327d6a8ac3235a50688a5e9a,adfes/happy_92dae28f327d6a8ac3235a50688a5e9a.png,10-19,0.50735795,"[4.5242565e-08 2.3973039e-04 5.0735795e-01 4.8941222e-01 2.9548474e-03
 3.4990015e-05 2.1608470e-07 2.8084612e-09 5.5942199e-11]",Male,0.9999987,[9.9999869e-01 1.3024186e-06],White,0.9999395,"[9.9993950e-01 5.2310263e-08 1.4255424e-05 1.9417312e-06 1.2459248e-06
 8.6743107e-08 4.2842286e-05]",White,0.99999684,[9.99996841e-01 1.16219006e-07 2.97723318e-06 5.79067496e-08],male,happy,"[-19.36267    -2.0725782 -28.305895  -23.628569  -27.790789  -11.418112
 -18.350752   -4.9531727]",happy
adfes,neutral_da14308efc462ed15119f73cf3b55d1b,M02-Neutral.jpg,train,neutral,M02,da14308efc462ed15119f73cf3b55d1b,adfes/neutral_da14308efc462ed15119f73cf3b55d1b.png,20-29,0.77048206,"[2.2153774e-08 6.2606836e-05 2.2233944e-01 7.7048206e-01 7.0842211e-03
 3.1572352e-05 6.6669060e-08 7.3788597e-10 1.0431237e-11]",Male,0.9999999,[9.999999e-01 1.481394e-07],White,0.999562,"[9.9956203e-01 8.8704525e-08 5.2915024e-05 2.5054944e-06 3.1800580e-06
 3.0145935e-07 3.7889695e-04]",White,0.9999812,[9.9998122e-01 2.5136296e-07 1.8215178e-05 3.3670403e-07],male,neutral,"[ -5.7699738 -17.004032  -21.309727  -23.440107  -30.912077  -16.783176
 -22.718727  -10.895641 ]",neutral
adfes,sad_ae1947668a0d798f814e631da0388ed9,M02-Sad-Apex.jpg,train,sad,M02,ae1947668a0d798f814e631da0388ed9,adfes/sad_ae1947668a0d798f814e631da0388ed9.png,20-29,0.86056334,"[2.92266861e-07 1.55885660e-04 1.04119435e-01 8.60563338e-01
 3.47847529e-02 3.74222029e-04 2.00074737e-06 2.57792419e-08
 4.65894878e-10]",Male,0.99999917,[9.9999917e-01 8.2492767e-07],White,0.99939483,"[9.9939483e-01 2.0146375e-07 1.2948814e-04 1.6702339e-05 2.3912240e-05
 1.5987903e-06 4.3332225e-04]",White,0.9998963,[9.99896288e-01 1.98848340e-07 1.03089355e-04 4.54019869e-07],male,fear,"[-22.434132  -24.980595  -10.5750065 -18.146578   -1.8513695  -4.76506
  -7.9879255 -15.51798  ]",fear
adfes,neutral_2611d4c29b57c61c3ba531d32e4a6e87,F02-Neutral.jpg,train,neutral,F02,2611d4c29b57c61c3ba531d32e4a6e87,adfes/neutral_2611d4c29b57c61c3ba531d32e4a6e87.png,20-29,0.7216044,"[1.1469292e-07 1.2234144e-04 1.5040213e-01 7.2160441e-01 1.2505312e-01
 2.8054207e-03 1.2347173e-05 1.5900349e-07 3.4301244e-09]",Female,0.99982876,[1.7126353e-04 9.9982876e-01],White,0.9983449,"[9.9834490e-01 1.8746995e-08 9.1201277e-05 2.3236028e-06 2.6927141e-06
 3.8153087e-07 1.5584741e-03]",White,0.9993885,[9.9938852e-01 4.3912523e-06 5.6013494e-04 4.6982790e-05],female,neutral,"[ -7.0436296 -21.326178  -29.578388   -8.047312  -23.04265   -17.792526
 -20.23952   -10.609993 ]",neutral
adfes,angry_38bcdb3c6271008a0bab2b06aeaa1b8b,F06-Anger-Apex.jpg,train,angry,F06,38bcdb3c6271008a0bab2b06aeaa1b8b,adfes/angry_38bcdb3c6271008a0bab2b06aeaa1b8b.png,20-29,0.49561736,"[2.7041804e-07 4.2120198e-04 6.9000445e-02 4.9561736e-01 4.0703380e-01
 2.7658975e-02 2.6124323e-04 6.4759151e-06 2.0951003e-07]",Female,0.9995601,[4.3987224e-04 9.9956012e-01],Latino_Hispanic,0.75862676,"[0.13851972 0.00379801 0.75862676 0.00111292 0.00449942 0.046867
 0.04657616]",Indian,0.6572997,[0.2903751  0.00582807 0.04649712 0.6572997 ],female,anger,"[-27.892113  -32.754436  -20.59966   -35.548744  -20.625824   -7.998277
  -2.5789616 -17.74882  ]",angry
adfes,neutral_18d427cd22542d157520efebd10d16b5,F07-Neutral.jpg,train,neutral,F07,18d427cd22542d157520efebd10d16b5,adfes/neutral_18d427cd22542d157520efebd10d16b5.png,20-29,0.54814434,"[2.8191080e-08 1.6884349e-05 1.5775623e-02 5.4814434e-01 3.7841442e-01
 5.6990944e-02 6.4758165e-04 9.8807050e-06 4.0039353e-07]",Female,0.9999894,[1.0641043e-05 9.9998939e-01],Middle Eastern,0.9906455,"[2.8199554e-04 5.6974272e-08 2.4886499e-04 1.6019119e-06 9.1662703e-05
 8.7303240e-03 9.9064553e-01]",Indian,0.87098783,[1.2709962e-01 1.0281248e-05 1.9022751e-03 8.7098783e-01],female,neutral,"[ -6.224924  -13.261974  -14.974155  -23.209724  -28.310421   -7.1984067
 -15.799427  -11.643473 ]",neutral
adfes,angry_2bfabb525cced2c4467bc8a55d9cc9b2,M03-Anger-Apex.jpg,train,angry,M03,2bfabb525cced2c4467bc8a55d9cc9b2,adfes/angry_2bfabb525cced2c4467bc8a55d9cc9b2.png,20-29,0.69297,"[1.7095355e-06 2.3928212e-04 6.5201432e-02 6.9296998e-01 2.2054116e-01
 2.0331234e-02 7.0781593e-04 7.2591242e-06 9.0056353e-08]",Male,0.9999991,[9.9999911e-01 8.3104607e-07],White,0.99999076,"[9.9999076e-01 2.9339166e-08 6.1644569e-06 1.5451575e-07 2.2362899e-07
 8.7377664e-08 2.5737986e-06]",White,0.9999708,[9.9997079e-01 1.2017769e-05 1.1008922e-05 6.1733017e-06],male,anger,"[-23.086164  -40.175266  -21.854898  -49.517128  -33.258633  -17.203444
  -2.4198172 -17.744493 ]",angry
adfes,angry_a0a67091201a3ee1e07c2d8c1b8f299f,M07-Anger-Apex.jpg,train,angry,M07,a0a67091201a3ee1e07c2d8c1b8f299f,adfes/angry_a0a67091201a3ee1e07c2d8c1b8f299f.png,20-29,0.5821105,"[2.3766688e-07 8.2655433e-06 5.7715285e-03 5.8211052e-01 3.9794683e-01
 1.4056737e-02 1.0486566e-04 1.0594272e-06 9.2984260e-09]",Male,0.9999993,[9.999993e-01 7.163597e-07],White,0.6341766,"[0.6341766  0.00133631 0.293879   0.00170085 0.00300996 0.00170681
 0.0641904 ]",White,0.9925904,[0.9925904  0.00233722 0.00253661 0.00253567],male,anger,"[-13.740203  -18.495014  -22.564634  -36.459682  -28.389788  -10.6800165
  -3.840957   -9.169789 ]",angry
adfes,disgust_ddc2a5c7becede26b9420c695f17e5d0,M07-Disgust-Apex.jpg,train,disgust,M07,ddc2a5c7becede26b9420c695f17e5d0,adfes/disgust_ddc2a5c7becede26b9420c695f17e5d0.png,20-29,0.7300196,"[1.80611963e-07 3.64671928e-06 3.50144180e-03 7.30019629e-01
 2.59441644e-01 6.97465381e-03 5.76662569e-05 1.18704975e-06
 1.36546525e-08]",Male,0.9999983,[9.9999827e-01 1.6962775e-06],White,0.54785186,"[0.54785186 0.00088172 0.13813916 0.00116879 0.00179527 0.0009721
 0.30919105]",White,0.9934625,[0.9934625  0.00150536 0.00129328 0.00373892],male,disgust,"[-50.28583   -46.736248  -30.444065  -42.16975   -34.940132   -1.1958959
 -17.113071  -33.01093  ]",disgust
adfes,fear_175edc118c3756969d7e9e5f33e332fb,M07-Fear-Apex.jpg,train,fear,M07,175edc118c3756969d7e9e5f33e332fb,adfes/fear_175edc118c3756969d7e9e5f33e332fb.png,20-29,0.5964955,"[3.4319294e-07 1.2346153e-05 3.9597442e-03 5.9649551e-01 3.8219529e-01
 1.7194916e-02 1.3957036e-04 2.2902507e-06 2.9238825e-08]",Male,0.9999897,[9.9998969e-01 1.0263313e-05],White,0.6962799,"[0.6962799  0.00360807 0.200815   0.00072479 0.00165081 0.00269409
 0.09422729]",White,0.956635,[0.956635   0.02988666 0.00335864 0.0101197 ],male,surprise,"[-22.784557 -16.2353   -25.092812  -5.493585  -6.763777  -9.103315
 -13.22276   -8.108803]",surprise
adfes,happy_f9fb1eeea80db173dda56ffa965efc10,M07-Joy-Apex.jpg,train,happy,M07,f9fb1eeea80db173dda56ffa965efc10,adfes/happy_f9fb1eeea80db173dda56ffa965efc10.png,20-29,0.8634971,"[4.3271342e-08 1.0260442e-05 1.3198384e-02 8.6349708e-01 1.2148554e-01
 1.7974966e-03 1.1002033e-05 1.3096505e-07 2.5501217e-09]",Male,0.9999726,[9.9997258e-01 2.7429414e-05],White,0.7944548,"[7.9445481e-01 6.2266184e-04 6.2090877e-02 2.3430509e-04 5.4485758e-04
 9.8524534e-04 1.4106718e-01]",White,0.99326944,[9.9326944e-01 3.4639919e-03 6.1094417e-04 2.6556945e-03],male,happy,"[-26.352058   -1.9225389 -33.844784  -34.825092  -34.70864   -12.041866
 -21.153711   -9.47492  ]",happy
adfes,neutral_a663d00f79b942827bce5392274b3a44,M07-Neutral.jpg,train,neutral,M07,a663d00f79b942827bce5392274b3a44,adfes/neutral_a663d00f79b942827bce5392274b3a44.png,20-29,0.8774889,"[3.6511523e-08 1.1271831e-05 1.6918810e-02 8.7748891e-01 1.0469670e-01
 8.8229793e-04 1.9603176e-06 3.1073895e-08 3.0361397e-10]",Male,0.9999991,[9.999991e-01 8.963329e-07],Middle Eastern,0.44373795,"[0.3544315  0.00071846 0.1970855  0.00069358 0.00187472 0.00145825
 0.44373795]",White,0.98277706,[0.98277706 0.0099646  0.00271592 0.00454248],male,disgust,"[ -7.8827577 -12.478854  -23.776155  -20.896841  -31.370932   -7.487675
 -19.826632   -9.801791 ]",disgust
adfes,sad_db8adcf4a0c512789e28d81bcf14009e,M07-Sad-Apex.jpg,train,sad,M07,db8adcf4a0c512789e28d81bcf14009e,adfes/sad_db8adcf4a0c512789e28d81bcf14009e.png,20-29,0.8556109,"[4.2098932e-08 4.4429621e-06 4.8397882e-03 8.5561091e-01 1.3780522e-01
 1.7323927e-03 7.0554474e-06 1.0487486e-07 1.0513411e-09]",Male,0.9999991,[9.999991e-01 9.188222e-07],White,0.41671726,"[4.1671726e-01 1.2526039e-03 2.5878483e-01 2.9848036e-04 1.0473796e-03
 1.3859704e-03 3.2051352e-01]",White,0.9933675,[0.9933675  0.00130499 0.00144128 0.00388628],male,disgust,"[-27.294859  -30.22442   -14.736881  -35.875862  -23.314995   -1.4430532
 -11.725669  -19.193312 ]",disgust
adfes,angry_45e0bd11e3ed4ec168aac5710bbfaf5c,M08-Anger-Apex.jpg,val,angry,M08,45e0bd11e3ed4ec168aac5710bbfaf5c,adfes/angry_45e0bd11e3ed4ec168aac5710bbfaf5c.png,20-29,0.718943,"[4.4631497e-07 2.6777214e-05 4.9026567e-02 7.1894300e-01 2.1632490e-01
 1.5442952e-02 2.3321828e-04 2.2019317e-06 3.9693141e-08]",Male,0.99615425,[0.99615425 0.00384576],White,0.99059206,"[9.9059206e-01 1.9571548e-06 3.6822283e-03 9.1813272e-06 6.6243479e-06
 2.8336553e-05 5.6795608e-03]",White,0.9999701,[9.9997008e-01 4.5962557e-07 1.2531436e-05 1.6986427e-05],male,anger,"[-42.42754   -53.91236   -31.644379  -52.83439   -32.06679   -18.244005
  -2.5574656 -24.486425 ]",angry
adfes,disgust_c0ee8dea1ba4d3993a6cc549b60e30b9,M08-Disgust-Apex.jpg,val,disgust,M08,c0ee8dea1ba4d3993a6cc549b60e30b9,adfes/disgust_c0ee8dea1ba4d3993a6cc549b60e30b9.png,20-29,0.81772906,"[1.1502261e-06 1.0121672e-04 3.7682183e-02 8.1772906e-01 1.2864712e-01
 1.5322564e-02 5.0612452e-04 1.0215602e-05 3.2997772e-07]",Male,0.6175867,[0.6175867 0.3824134],White,0.96627814,"[9.6627814e-01 2.6148911e-07 9.0659573e-04 1.5420562e-06 1.3804623e-06
 3.9501363e-05 3.2772511e-02]",White,0.9999782,[9.9997818e-01 1.2372985e-07 7.9827748e-07 2.0944719e-05],male,disgust,"[-41.276073 -32.785923 -40.07182  -36.560867 -35.39767   -2.483993
 -13.305385 -26.719238]",disgust
adfes,fear_b47b9b455933c2d2deb5e18e622fb54a,M08-Fear-Apex.jpg,val,fear,M08,b47b9b455933c2d2deb5e18e622fb54a,adfes/fear_b47b9b455933c2d2deb5e18e622fb54a.png,20-29,0.6518129,"[3.5067885e-07 1.8787392e-05 5.0935466e-02 6.5181291e-01 2.4887176e-01
 4.6283565e-02 2.0162889e-03 5.9867169e-05 9.9502881e-07]",Male,0.95555043,[0.95555043 0.0444496 ],White,0.95606506,"[9.5606506e-01 6.4847245e-06 3.4735820e-03 8.5829070e-06 1.2610547e-05
 1.5751666e-05 4.0417865e-02]",White,0.99979407,[9.9979407e-01 1.6180115e-06 1.7248733e-04 3.1855168e-05],male,fear,"[-29.708958  -26.255653  -20.539495   -7.07755    -2.3056118  -6.3218074
 -16.560015  -20.363169 ]",fear
adfes,happy_719f3a6212aa1d70c6018ee4c0c5ab06,M08-Joy-Apex.jpg,val,happy,M08,719f3a6212aa1d70c6018ee4c0c5ab06,adfes/happy_719f3a6212aa1d70c6018ee4c0c5ab06.png,20-29,0.77656144,"[5.8770820e-07 3.3337690e-04 1.9574974e-01 7.7656144e-01 2.6674399e-02
 6.6954346e-04 1.0509886e-05 4.0118942e-07 2.2126631e-08]",Male,0.9830978,[0.9830978  0.01690224],White,0.9441614,"[9.4416142e-01 1.1268073e-05 6.6213617e-03 1.5711557e-05 1.7840459e-05
 1.0236916e-04 4.9070105e-02]",White,0.99995816,[9.9995816e-01 4.0970808e-06 7.1664326e-06 3.0595405e-05],male,happy,"[-21.304234  -2.228047 -23.488302 -28.050768 -26.258642  -8.47904
 -14.355931  -7.786145]",happy
adfes,neutral_561011bd600278c1d383593cb6ecab2a,M08-Neutral.jpg,val,neutral,M08,561011bd600278c1d383593cb6ecab2a,adfes/neutral_561011bd600278c1d383593cb6ecab2a.png,20-29,0.7551778,"[2.9542636e-07 9.3513358e-05 2.0833476e-01 7.5517780e-01 3.5592012e-02
 7.9556409e-04 5.9764679e-06 1.2759487e-07 3.2168881e-09]",Male,0.99681854,[0.99681854 0.00318146],White,0.9086239,"[9.0862387e-01 5.5029564e-06 6.9616633e-03 1.3736866e-05 1.2976647e-05
 3.0931144e-05 8.4351361e-02]",White,0.99998635,[9.9998635e-01 1.2738132e-06 2.6629587e-06 9.7338607e-06],male,neutral,"[ -7.1599054 -24.306707  -23.313765  -37.694386  -36.849533  -13.502374
 -10.47415   -13.926395 ]",neutral
adfes,sad_84b97eccd6cf97bd3613758cf97f211f,M08-Sad-Apex.jpg,val,sad,M08,84b97eccd6cf97bd3613758cf97f211f,adfes/sad_84b97eccd6cf97bd3613758cf97f211f.png,20-29,0.7302245,"[6.0152388e-07 2.1519583e-05 3.1437587e-02 7.3022449e-01 2.1254641e-01
 2.4898702e-02 8.4865931e-04 2.1652897e-05 3.8946158e-07]",Male,0.92244476,[0.92244476 0.07755522],White,0.8688817,"[8.6888170e-01 2.7213691e-06 4.3002646e-03 2.6967248e-06 4.3800997e-06
 2.7877632e-05 1.2678036e-01]",White,0.99997675,[9.9997675e-01 1.1039863e-06 1.2641559e-05 9.4478210e-06],male,sad,"[-23.152119  -37.157932   -3.06574   -28.107384  -13.532758   -7.5304356
 -15.637859  -23.595198 ]",sad
adfes,angry_9e996789ab6101c75d87c5eb094b4dfe,M09-Anger-Apex.jpg,train,angry,M09,9e996789ab6101c75d87c5eb094b4dfe,adfes/angry_9e996789ab6101c75d87c5eb094b4dfe.png,20-29,0.6290518,"[1.1035933e-05 4.3649229e-04 1.3768058e-02 6.2905180e-01 3.4433261e-01
 1.2306930e-02 9.1707392e-05 1.3047835e-06 1.7967141e-08]",Male,0.9999909,[9.999909e-01 9.147798e-06],Latino_Hispanic,0.44192398,"[0.08800417 0.00393117 0.44192398 0.00088879 0.00240347 0.02232457
 0.4405239 ]",White,0.86101073,[0.86101073 0.04247266 0.04582548 0.05069118],male,anger,"[-19.538551  -30.128572  -12.031313  -37.182945  -24.68136    -8.359387
  -2.2481966 -16.725128 ]",angry
adfes,disgust_65ba14b23b04d8a10cd944822d0d7cb4,M09-Disgust-Apex.jpg,train,disgust,M09,65ba14b23b04d8a10cd944822d0d7cb4,adfes/disgust_65ba14b23b04d8a10cd944822d0d7cb4.png,20-29,0.6238644,"[6.5757845e-06 2.2332615e-04 1.3353051e-02 6.2386441e-01 3.3410051e-01
 2.8130041e-02 3.1729834e-04 4.7344497e-06 5.7878985e-08]",Male,0.9999977,[9.999977e-01 2.346963e-06],Middle Eastern,0.9671157,"[1.0116958e-02 1.2359305e-04 1.9478902e-02 2.6221920e-05 7.7087032e-05
 3.0615856e-03 9.6711570e-01]",White,0.98895824,[0.98895824 0.00196692 0.00111334 0.00796145],male,disgust,"[-29.562658  -14.365871  -26.256891  -28.353577  -28.074251   -1.5373961
 -14.422953  -22.012173 ]",disgust
adfes,disgust_08f413ccbf1a5962a103f96d6a178010,F06-Disgust-Apex.jpg,train,disgust,F06,08f413ccbf1a5962a103f96d6a178010,adfes/disgust_08f413ccbf1a5962a103f96d6a178010.png,20-29,0.70954376,"[1.5204537e-07 4.8959960e-04 2.5273767e-01 7.0954376e-01 3.6769468e-02
 4.5748023e-04 1.8692120e-06 8.1572921e-08 3.1297096e-09]",Female,0.9964591,[0.0035409 0.9964591],Latino_Hispanic,0.60464907,"[0.11736588 0.00150177 0.60464907 0.00169337 0.0027497  0.08609575
 0.18594453]",White,0.82726055,[0.82726055 0.00301409 0.00581187 0.16391343],female,disgust,"[-51.562996  -37.736282  -37.2275    -36.230247  -32.024364   -1.8204553
 -15.435769  -30.024052 ]",disgust
adfes,fear_920214bf20f5ced5adf9d9be6d265c3e,F06-Fear-Apex.jpg,train,fear,F06,920214bf20f5ced5adf9d9be6d265c3e,adfes/fear_920214bf20f5ced5adf9d9be6d265c3e.png,20-29,0.6917289,"[1.2107606e-07 2.8449690e-04 1.0381557e-01 6.9172889e-01 2.0098293e-01
 3.1701878e-03 1.7001310e-05 8.2674046e-07 1.8315244e-08]",Female,0.9991574,[8.425654e-04 9.991574e-01],Latino_Hispanic,0.6881622,"[7.2409637e-02 5.8587425e-04 6.8816221e-01 1.2419327e-01 7.4090175e-02
 7.5990814e-03 3.2959778e-02]",White,0.7483986,[7.4839860e-01 3.0513614e-04 2.1802117e-01 3.3275053e-02],female,fear,"[-36.651165  -28.699312  -27.360851   -9.053445   -4.291812   -7.1852803
 -15.925369  -20.053984 ]",fear
adfes,happy_05e98d629f1508ff72db877dd5c9c715,F06-Joy-Apex.jpg,train,happy,F06,05e98d629f1508ff72db877dd5c9c715,adfes/happy_05e98d629f1508ff72db877dd5c9c715.png,20-29,0.76735306,"[9.3956054e-08 4.7445158e-04 1.4391136e-01 7.6735306e-01 8.7299161e-02
 9.5848652e-04 3.2266553e-06 8.3495344e-08 2.2391891e-09]",Female,0.9995795,[4.2049485e-04 9.9957949e-01],Latino_Hispanic,0.6681449,"[0.19874609 0.00498417 0.6681449  0.0006828  0.00222598 0.0164439
 0.10877217]",White,0.86165684,[0.86165684 0.00761082 0.01012258 0.12060984],female,happy,"[-18.738962   -1.8358381 -17.575499  -27.968443  -25.571352   -9.396707
 -16.230938   -3.6855688]",happy
adfes,neutral_c683184fcad5fe6105e4e1632433489c,F06-Neutral.jpg,train,neutral,F06,c683184fcad5fe6105e4e1632433489c,adfes/neutral_c683184fcad5fe6105e4e1632433489c.png,20-29,0.7099513,"[2.8389785e-08 2.9059083e-04 2.1890353e-01 7.0995128e-01 7.0192300e-02
 6.6099159e-04 1.2593987e-06 3.2029480e-08 7.8373391e-10]",Female,0.99950194,[4.9810362e-04 9.9950194e-01],Middle Eastern,0.51462805,"[1.4462848e-01 1.5616266e-04 3.3286664e-01 6.8064837e-04 8.8077364e-04
 6.1593442e-03 5.1462805e-01]",White,0.9435914,[9.4359142e-01 8.0348377e-04 2.1498285e-02 3.4106832e-02],female,neutral,"[ -5.601273 -22.421488 -21.150423 -22.282757 -25.615381 -12.104639
 -14.275799 -14.233078]",neutral
adfes,sad_3c858d699c2dac1da2961e709a44691f,F06-Sad-Apex.jpg,train,sad,F06,3c858d699c2dac1da2961e709a44691f,adfes/sad_3c858d699c2dac1da2961e709a44691f.png,20-29,0.58291453,"[7.3973716e-08 1.1919643e-04 7.3077336e-02 5.8291453e-01 3.3475402e-01
 9.0891337e-03 4.4485874e-05 1.1574768e-06 2.2411880e-08]",Female,0.99969095,[3.0900017e-04 9.9969095e-01],Latino_Hispanic,0.5072963,"[1.5944774e-01 2.4661975e-04 5.0729632e-01 9.3899679e-04 1.0324226e-03
 1.4925785e-02 3.1611204e-01]",White,0.84479195,[8.4479195e-01 2.8326458e-04 7.8323603e-02 7.6601252e-02],female,disgust,"[-15.558134  -26.939394   -6.8390565 -27.245459  -16.120543   -2.8026018
  -7.6076    -16.00915  ]",disgust
adfes,angry_2354f795dd467eb653ef5c8459c3157d,F07-Anger-Apex.jpg,train,angry,F07,2354f795dd467eb653ef5c8459c3157d,adfes/angry_2354f795dd467eb653ef5c8459c3157d.png,30-39,0.4784008,"[4.3458886e-07 7.4270421e-05 9.9631464e-03 2.4885939e-01 4.7840080e-01
 2.5292274e-01 9.5409760e-03 2.2130713e-04 1.6914106e-05]",Female,0.9999212,[7.8849385e-05 9.9992120e-01],Middle Eastern,0.9799695,"[8.5379445e-04 1.4329872e-06 6.9467782e-04 3.8398648e-06 2.5615600e-04
 1.8220590e-02 9.7996950e-01]",Indian,0.89835626,[1.0063286e-01 5.5363827e-05 9.5549750e-04 8.9835626e-01],female,neutral,"[ -5.7741623  -9.888905   -7.552097  -24.700602  -20.771944   -8.976764
  -8.247624   -8.856298 ]",neutral
adfes,disgust_d543f02c0847b6710b053ca39a401f75,F07-Disgust-Apex.jpg,train,disgust,F07,d543f02c0847b6710b053ca39a401f75,adfes/disgust_d543f02c0847b6710b053ca39a401f75.png,30-39,0.49604246,"[3.0068051e-08 4.4384246e-06 3.7366129e-03 2.6634333e-01 4.9604246e-01
 2.2671489e-01 7.0395670e-03 1.1290801e-04 5.6834360e-06]",Female,0.99993396,[6.6027555e-05 9.9993396e-01],Middle Eastern,0.9693453,"[6.8232219e-04 2.7474809e-07 6.0810929e-04 1.0706879e-06 5.5831599e-05
 2.9307121e-02 9.6934527e-01]",Indian,0.91529274,[8.4433042e-02 1.1972008e-05 2.6226093e-04 9.1529274e-01],female,disgust,"[-35.216232  -27.451426  -31.126707  -25.085009  -25.877422   -1.2344885
 -17.45194   -24.4638   ]",disgust
adfes,fear_8e3ae19b1dd5933024a5526ad9defddd,F07-Fear-Apex.jpg,train,fear,F07,8e3ae19b1dd5933024a5526ad9defddd,adfes/fear_8e3ae19b1dd5933024a5526ad9defddd.png,30-39,0.5536848,"[3.45468223e-08 7.64007382e-06 3.64481052e-03 2.53206849e-01
 5.53684771e-01 1.84299886e-01 5.04631596e-03 1.05978805e-04
 3.72569275e-06]",Female,0.99996126,[3.8747010e-05 9.9996126e-01],Middle Eastern,0.95292574,"[1.1876752e-03 6.4942833e-07 1.2471305e-03 2.3615471e-06 8.0446465e-05
 4.4555988e-02 9.5292574e-01]",Indian,0.97218287,[2.6441662e-02 3.8197060e-05 1.3372679e-03 9.7218287e-01],female,fear,"[-32.364902  -26.153196  -16.80031    -8.672292   -2.5889137  -5.324431
 -11.298775  -20.545742 ]",fear
adfes,happy_ce87cbb0c0045c8ac007ee58760c2830,F07-Joy-Apex.jpg,train,happy,F07,ce87cbb0c0045c8ac007ee58760c2830,adfes/happy_ce87cbb0c0045c8ac007ee58760c2830.png,30-39,0.5496882,"[1.8567196e-08 5.1137845e-06 4.3981196e-03 3.2229707e-01 5.4968822e-01
 1.2142654e-01 2.1578115e-03 2.6339741e-05 7.1290191e-07]",Female,0.99998397,[1.6065043e-05 9.9998397e-01],Middle Eastern,0.98406565,"[3.1218668e-03 1.4610592e-06 1.1957161e-03 1.8333338e-06 9.0857029e-05
 1.1522611e-02 9.8406565e-01]",Indian,0.8141629,[1.8534929e-01 6.7652953e-05 4.2010087e-04 8.1416291e-01],female,happy,"[-15.171968   -3.9105704 -20.54072   -24.35519   -28.814772   -5.6662745
 -17.315523   -9.410818 ]",happy
adfes,sad_83ce78ee835c20417ebafc5e0ea054d5,F02-Sad-Apex.jpg,train,sad,F02,83ce78ee835c20417ebafc5e0ea054d5,adfes/sad_83ce78ee835c20417ebafc5e0ea054d5.png,20-29,0.48765242,"[2.9144587e-06 5.8340409e-04 8.5390329e-02 4.8765242e-01 3.8956681e-01
 3.6197353e-02 5.9214863e-04 1.4185217e-05 3.4002241e-07]",Female,0.9995516,[4.4842742e-04 9.9955159e-01],White,0.99466383,"[9.9466383e-01 5.6884778e-07 1.3651005e-03 1.3346814e-05 1.7783923e-05
 3.2074943e-06 3.9361422e-03]",White,0.9996968,[9.9969679e-01 1.4937043e-05 2.0222696e-04 8.5929605e-05],female,disgust,"[ -5.693018  -17.70958   -10.470308  -12.356953  -13.65976    -4.4890666
 -10.9349785 -13.089044 ]",disgust
adfes,angry_48e57a8d2bdf75190e4f180ee4ab1968,F03-Anger-Apex.jpg,train,angry,F03,48e57a8d2bdf75190e4f180ee4ab1968,adfes/angry_48e57a8d2bdf75190e4f180ee4ab1968.png,20-29,0.7513106,"[1.0984654e-07 1.5933452e-04 8.2318336e-02 7.5131059e-01 1.6144520e-01
 4.7475654e-03 1.8702454e-05 1.3429947e-07 4.2205572e-09]",Female,0.9977422,[0.0022578 0.9977422],White,0.9999234,"[9.9992341e-01 1.0564405e-08 3.2953678e-05 5.6519235e-07 1.0669969e-06
 1.2872547e-07 4.1856478e-05]",White,0.99995816,[9.9995816e-01 1.0960631e-07 4.0140487e-05 1.6402189e-06],female,disgust,"[-28.30922   -28.415243  -22.886324  -22.153404   -8.933827   -3.5161405
  -4.5973835 -21.884613 ]",disgust
adfes,disgust_3e8795d52f20fb48825e3792b911f284,F03-Disgust-Apex.jpg,train,disgust,F03,3e8795d52f20fb48825e3792b911f284,adfes/disgust_3e8795d52f20fb48825e3792b911f284.png,30-39,0.5439915,"[1.0170949e-06 4.4249471e-05 5.7130265e-03 2.4404049e-01 5.4399151e-01
 1.9738178e-01 8.6803064e-03 1.4521660e-04 2.3594866e-06]",Female,0.9998971,[1.02864804e-04 9.99897122e-01],White,0.999006,"[9.9900597e-01 3.3390759e-08 1.9976406e-04 2.2739989e-06 3.0545789e-06
 2.6916834e-06 7.8623783e-04]",White,0.9999702,[9.9997020e-01 3.8619820e-08 2.2981321e-05 6.7578681e-06],female,disgust,"[-42.167995  -33.758453  -27.810831  -28.969135  -24.375462   -1.3971977
 -14.734427  -25.895102 ]",disgust
adfes,fear_0a6549f8edd3190ff5869a4725658b25,F03-Fear-Apex.jpg,train,fear,F03,0a6549f8edd3190ff5869a4725658b25,adfes/fear_0a6549f8edd3190ff5869a4725658b25.png,20-29,0.5647413,"[1.1239668e-07 6.5424618e-05 2.1207595e-02 5.6474131e-01 3.7992194e-01
 3.3721086e-02 3.3920305e-04 3.1776256e-06 1.1348269e-07]",Female,0.99984705,[1.5293421e-04 9.9984705e-01],White,0.9999929,"[9.9999291e-01 4.1541179e-09 2.1172791e-06 7.2468788e-07 9.2600675e-07
 4.3275158e-08 3.3306812e-06]",White,0.99985486,[9.9985486e-01 1.7014393e-07 1.3877192e-04 6.2025638e-06],female,fear,"[-54.887672  -36.141895  -25.806078  -16.27218    -3.5969923 -11.726184
 -21.02114   -25.252249 ]",fear
adfes,happy_fb597cfe2f5b914e37b9c547ec60c02d,F03-Joy-Apex.jpg,train,happy,F03,fb597cfe2f5b914e37b9c547ec60c02d,adfes/happy_fb597cfe2f5b914e37b9c547ec60c02d.png,20-29,0.7693574,"[2.6742228e-08 3.4708355e-05 4.1186474e-02 7.6935738e-01 1.8513712e-01
 4.2538769e-03 3.0121699e-05 2.4125433e-07 6.4173205e-09]",Female,0.9999042,[9.581513e-05 9.999042e-01],White,0.99995625,"[9.9995625e-01 8.7601762e-08 1.2954488e-05 1.4206980e-06 8.3138548e-07
 6.9503507e-08 2.8278733e-05]",White,0.99999094,[9.9999094e-01 6.2734637e-07 6.9180569e-06 1.4777447e-06],female,happy,"[-24.88523    -2.3424497 -26.222807  -17.878408  -22.685656  -11.895308
 -24.29601   -11.625813 ]",happy
adfes,neutral_1cc85a3bb4a707257b3005f1a0e78331,F03-Neutral.jpg,train,neutral,F03,1cc85a3bb4a707257b3005f1a0e78331,adfes/neutral_1cc85a3bb4a707257b3005f1a0e78331.png,20-29,0.86020696,"[2.7000162e-09 1.6548915e-05 7.4696027e-02 8.6020696e-01 6.4701781e-02
 3.7809042e-04 5.4598894e-07 3.2480878e-09 5.4588237e-11]",Female,0.9998012,[1.9881684e-04 9.9980122e-01],White,0.9997313,"[9.99731302e-01 8.66979164e-08 2.18159366e-05 1.61546112e-07
 1.05983176e-07 4.00184632e-08 2.46472337e-04]",White,0.99996674,[9.9996674e-01 9.8018072e-06 1.8218791e-05 5.2431806e-06],female,surprise,"[ -9.331061  -17.18915   -23.26548    -4.2777233 -16.269495  -11.522499
 -22.100016  -15.353116 ]",surprise
adfes,sad_6a4e93d72cff75af5fa434645b4895d2,F03-Sad-Apex.jpg,train,sad,F03,6a4e93d72cff75af5fa434645b4895d2,adfes/sad_6a4e93d72cff75af5fa434645b4895d2.png,20-29,0.7074407,"[8.7998529e-08 7.0537266e-05 3.4957435e-02 7.0744067e-01 2.5237763e-01
 5.1408620e-03 1.2633189e-05 7.6143088e-08 1.5190433e-09]",Female,0.999833,[1.6702958e-04 9.9983299e-01],White,0.99984753,"[9.9984753e-01 1.5533791e-08 9.1456845e-05 2.2714999e-06 2.4704461e-06
 2.2350424e-07 5.6012239e-05]",White,0.9999889,[9.9998891e-01 5.9349563e-08 8.2596198e-06 2.7008043e-06],female,disgust,"[-29.316408  -34.32382    -8.429314  -24.008718   -6.544779   -2.5586925
 -15.22115   -21.409075 ]",disgust
adfes,angry_2c2419c902d95b8d90d982d0f4ca5408,F04-Anger-Apex.jpg,train,angry,F04,2c2419c902d95b8d90d982d0f4ca5408,adfes/angry_2c2419c902d95b8d90d982d0f4ca5408.png,20-29,0.7207796,"[3.5475318e-06 1.0338678e-03 1.4553018e-01 7.2077960e-01 1.2839837e-01
 4.2122351e-03 4.1386858e-05 8.8385298e-07 3.0593693e-08]",Male,0.9948898,[0.9948898 0.0051102],White,0.6900489,"[6.9004887e-01 1.5534577e-05 1.0876514e-01 1.0575779e-01 2.7156418e-02
 4.3648938e-03 6.3891321e-02]",White,0.95544696,[9.5544696e-01 1.5674950e-05 4.3743696e-02 7.9362700e-04],female,anger,"[-20.72617   -19.527956  -16.861513  -19.87994    -6.3431616  -7.107473
  -2.536702  -16.796743 ]",angry
adfes,disgust_d4c0598bb5b0c9d03e93e8981da86869,F04-Disgust-Apex.jpg,train,disgust,F04,d4c0598bb5b0c9d03e93e8981da86869,adfes/disgust_d4c0598bb5b0c9d03e93e8981da86869.png,30-39,0.54375356,"[1.7981959e-06 9.3537587e-05 1.0388960e-02 3.7536851e-01 5.4375356e-01
 6.8418391e-02 1.9262931e-03 4.8168684e-05 8.1516606e-07]",Female,0.7572223,[0.24277766 0.7572223 ],White,0.5607665,"[5.6076652e-01 2.6608286e-05 2.7190232e-01 3.3798650e-02 1.7891860e-02
 8.7594353e-03 1.0685462e-01]",White,0.9282275,[9.28227484e-01 1.45361555e-05 6.80583939e-02 3.69952316e-03],female,disgust,"[-37.68932   -29.8835    -34.489983  -35.081123  -32.395844   -1.2081096
 -19.332485  -25.595858 ]",disgust
adfes,fear_1b11e70dc811e00d0efd09be2695876f,F04-Fear-Apex.jpg,train,fear,F04,1b11e70dc811e00d0efd09be2695876f,adfes/fear_1b11e70dc811e00d0efd09be2695876f.png,20-29,0.542742,"[3.8903258e-05 9.4515821e-03 9.7556069e-02 5.4274201e-01 3.2218665e-01
 2.7065836e-02 9.0448651e-04 5.2510532e-05 1.9688866e-06]",Male,0.60272664,[0.60272664 0.39727345],East Asian,0.4502648,"[1.6103096e-01 1.7860259e-05 1.5068540e-01 4.5026481e-01 1.4029370e-01
 1.8882308e-02 7.8824960e-02]",White,0.88984007,[8.8984007e-01 1.0789647e-05 9.9868134e-02 1.0281002e-02],female,fear,"[-40.56851  -30.4711   -23.308523 -15.900973  -2.389495  -5.817347
 -16.798552 -24.707552]",fear
adfes,happy_de48e255504ee976d1ae27327a3ef86b,F04-Joy-Apex.jpg,train,happy,F04,de48e255504ee976d1ae27327a3ef86b,adfes/happy_de48e255504ee976d1ae27327a3ef86b.png,20-29,0.6500884,"[2.8625091e-06 6.9430596e-03 3.1913784e-01 6.5008843e-01 2.3435351e-02
 3.8917622e-04 3.0791296e-06 1.8347752e-07 8.7458210e-09]",Male,0.9475422,[0.9475422  0.05245781],White,0.44311512,"[4.4311512e-01 2.7426449e-05 1.8265079e-01 2.2896807e-01 7.8824863e-02
 2.7129157e-03 6.3700922e-02]",White,0.8303438,[8.3034378e-01 3.0478343e-05 1.6833653e-01 1.2891565e-03],female,happy,"[-24.008724   -2.0314517 -30.933014  -26.875261  -29.885887  -12.513528
 -19.696058   -4.914384 ]",happy
adfes,neutral_b170d8cd63598c3b541e165bd44e01e1,F04-Neutral.jpg,train,neutral,F04,b170d8cd63598c3b541e165bd44e01e1,adfes/neutral_b170d8cd63598c3b541e165bd44e01e1.png,20-29,0.8124614,"[9.9945680e-07 1.0704991e-03 9.5630065e-02 8.1246138e-01 8.9341357e-02
 1.4863885e-03 8.9150699e-06 3.5353571e-07 7.7694269e-09]",Male,0.677733,[0.677733   0.32226697],East Asian,0.5600067,"[7.6614521e-02 6.3334692e-06 1.4412099e-01 5.6000668e-01 1.5144065e-01
 7.1297535e-03 6.0681112e-02]",Asian,0.7630156,[2.3190168e-01 5.5170417e-06 7.6301563e-01 5.0771371e-03],female,neutral,"[ -5.6449757 -11.785371  -24.941828  -23.130766  -28.133295  -12.544662
 -17.207615  -11.309226 ]",neutral
adfes,sad_2569839cbdb8823a6a1b7f5a251a9557,F04-Sad-Apex.jpg,train,sad,F04,2569839cbdb8823a6a1b7f5a251a9557,adfes/sad_2569839cbdb8823a6a1b7f5a251a9557.png,20-29,0.6828032,"[3.0138740e-06 6.9772109e-04 4.8353601e-02 6.8280321e-01 2.5652856e-01
 1.1485518e-02 1.2400438e-04 4.1910212e-06 1.3241053e-07]",Male,0.7270439,[0.7270439 0.272956 ],White,0.47029302,"[4.7029302e-01 2.8870338e-05 2.2961602e-01 7.5201251e-02 4.0161721e-02
 1.0638886e-02 1.7406020e-01]",White,0.8730355,[8.7303549e-01 3.5881530e-05 1.2176287e-01 5.1657497e-03],female,sad,"[-17.007229 -19.280348  -2.677431 -30.420963 -14.381787  -6.833364
  -8.833799 -17.062073]",sad
adfes,angry_b2312f38bd24893e8c4e2a2925f73a07,F05-Anger-Apex.jpg,train,angry,F05,b2312f38bd24893e8c4e2a2925f73a07,adfes/angry_b2312f38bd24893e8c4e2a2925f73a07.png,20-29,0.48937532,"[1.6435939e-06 1.5841116e-03 3.5401788e-01 4.8937532e-01 1.4462693e-01
 1.0201452e-02 1.8941915e-04 3.1173431e-06 9.5899296e-08]",Male,0.9611146,[0.9611146  0.03888543],White,0.9895089,"[9.8950893e-01 4.6150144e-06 3.2788906e-03 7.6241302e-04 6.8608031e-04
 9.5031164e-06 5.7494892e-03]",White,0.99265194,[9.9265194e-01 1.4542881e-04 7.0322142e-03 1.7043392e-04],female,anger,"[-20.897717  -25.767313  -11.711615  -31.258009  -18.091396   -4.6332765
  -2.648996  -15.956673 ]",angry
adfes,disgust_1c7deda371c7555e00395e3734f86120,F05-Disgust-Apex.jpg,train,disgust,F05,1c7deda371c7555e00395e3734f86120,adfes/disgust_1c7deda371c7555e00395e3734f86120.png,20-29,0.6841068,"[7.1396721e-07 4.1933142e-04 2.5054061e-01 6.8410683e-01 6.2969655e-02
 1.9421609e-03 2.0262272e-05 3.6003007e-07 8.9286507e-09]",Male,0.9780996,[0.9780996  0.02190037],White,0.98899174,"[9.88991737e-01 1.42605586e-06 4.83500585e-03 1.95958506e-04
 1.10452704e-04 1.81069845e-05 5.84739540e-03]",White,0.9993888,[9.9938881e-01 9.6764652e-06 4.4765038e-04 1.5391418e-04],female,disgust,"[-36.452553  -23.89968   -18.468609  -29.13353   -21.662165   -1.3376758
 -16.869158  -27.55065  ]",disgust
adfes,fear_d0ec1dbdc5d87aa8a64cc0c36b225039,F05-Fear-Apex.jpg,train,fear,F05,d0ec1dbdc5d87aa8a64cc0c36b225039,adfes/fear_d0ec1dbdc5d87aa8a64cc0c36b225039.png,30-39,0.49652582,"[7.0194355e-06 5.9346837e-04 5.6678247e-02 3.5499448e-01 4.9652582e-01
 8.6155675e-02 4.8694289e-03 1.7360832e-04 2.1994620e-06]",Female,0.63298774,[0.3670123  0.63298774],White,0.95714414,"[9.5714414e-01 1.4626795e-05 1.8295409e-02 5.1845466e-03 2.4698901e-03
 8.5457075e-05 1.6805900e-02]",White,0.98891765,[9.88917649e-01 1.72544733e-05 1.07560195e-02 3.09036346e-04],female,fear,"[-37.35368   -24.027765  -20.23992    -8.886059   -2.6874995 -11.621187
 -18.54365   -17.53887  ]",fear
adfes,happy_cf8c5246a09eb0a0fe28ffc4a50cf2d3,F05-Joy-Apex.jpg,train,happy,F05,cf8c5246a09eb0a0fe28ffc4a50cf2d3,adfes/happy_cf8c5246a09eb0a0fe28ffc4a50cf2d3.png,20-29,0.5475298,"[2.9742305e-06 3.1820578e-03 3.3763546e-01 5.4752982e-01 1.0603741e-01
 5.4860464e-03 1.2319100e-04 3.0573585e-06 1.2311042e-07]",Male,0.539381,[0.539381 0.460619],White,0.9946865,"[9.9468648e-01 5.5156711e-06 2.9612083e-03 1.0375110e-03 5.2907033e-04
 1.7135071e-05 7.6304591e-04]",White,0.995926,[9.9592602e-01 8.6486296e-05 3.6409853e-03 3.4654661e-04],female,happy,"[-20.193645   -1.0624614 -25.929327  -29.401972  -30.55256   -15.99704
 -21.568327  -13.038265 ]",happy
adfes,neutral_6390fe517e3d4a4fc6365f41a37db5d5,F05-Neutral.jpg,train,neutral,F05,6390fe517e3d4a4fc6365f41a37db5d5,adfes/neutral_6390fe517e3d4a4fc6365f41a37db5d5.png,10-19,0.7088456,"[3.2196547e-07 1.8161919e-03 7.0884562e-01 2.8433895e-01 4.9363216e-03
 6.2321335e-05 2.2081440e-07 3.8181218e-09 9.2200636e-11]",Male,0.996194,[0.996194   0.00380603],White,0.9897466,"[9.8974657e-01 9.0968098e-07 2.1856881e-03 1.3896450e-04 8.4229265e-05
 6.4360925e-06 7.8371223e-03]",White,0.99906904,[9.9906904e-01 2.8847701e-06 9.0316345e-04 2.4940093e-05],female,neutral,"[ -6.369467 -16.46655  -21.925488 -27.066717 -34.908524 -14.561268
 -20.499937 -11.284203]",neutral
adfes,sad_08f5003c6759eccb321f5dca323279f7,F05-Sad-Apex.jpg,train,sad,F05,08f5003c6759eccb321f5dca323279f7,adfes/sad_08f5003c6759eccb321f5dca323279f7.png,20-29,0.44050533,"[2.8883236e-05 1.3530789e-02 4.0757123e-01 4.4050533e-01 1.2840398e-01
 9.7384658e-03 2.1574454e-04 5.3587387e-06 1.9331966e-07]",Male,0.9436313,[0.9436313  0.05636871],White,0.9922993,"[9.9229932e-01 1.6835198e-06 2.9825785e-03 2.7722344e-04 1.9016243e-04
 2.6683325e-05 4.2224298e-03]",White,0.998181,[9.9818099e-01 1.4407218e-05 1.6716681e-03 1.3301631e-04],female,sad,"[-25.730064  -28.547201   -3.0416574 -30.556662  -16.147896   -7.00891
 -22.078417  -19.782385 ]",sad
adfes,disgust_3d9d08c9cb570b5badae93a7780b13f8,M03-Disgust-Apex.jpg,train,disgust,M03,3d9d08c9cb570b5badae93a7780b13f8,adfes/disgust_3d9d08c9cb570b5badae93a7780b13f8.png,20-29,0.8342595,"[1.1289708e-06 6.3170650e-04 1.3701257e-01 8.3425951e-01 2.7275529e-02
 8.0876291e-04 1.0590336e-05 1.8415570e-07 2.8698661e-09]",Male,0.9999994,[9.9999940e-01 6.1720965e-07],White,0.99979144,"[9.99791443e-01 2.89714812e-08 4.63065726e-06 5.89109170e-08
 1.10690806e-07 1.18410398e-07 2.03659278e-04]",White,0.9999969,[9.9999690e-01 1.4027003e-06 7.3652399e-07 9.2875081e-07],male,disgust,"[-49.392384  -34.998516  -39.928444  -38.300552  -37.43869    -1.8682816
 -18.909304  -29.683317 ]",disgust
adfes,fear_8aec9b6ebe64c98fdda094f5aac745a4,M03-Fear-Apex.jpg,train,fear,M03,8aec9b6ebe64c98fdda094f5aac745a4,adfes/fear_8aec9b6ebe64c98fdda094f5aac745a4.png,20-29,0.7533877,"[7.1144444e-07 8.1235368e-05 3.7961002e-02 7.5338769e-01 1.9046628e-01
 1.7620480e-02 4.7247764e-04 9.8733562e-06 1.6702658e-07]",Male,0.9999956,[9.9999559e-01 4.3863824e-06],White,0.9999979,"[9.9999791e-01 6.0419483e-09 3.9097225e-07 1.2293339e-07 1.5785020e-07
 5.8911049e-09 1.4298537e-06]",White,0.9999987,[9.9999869e-01 2.2049099e-07 1.0879795e-06 4.2199989e-08],male,fear,"[-36.010715  -31.228148  -28.296389   -8.698406   -3.1533742 -11.646145
 -20.124405  -21.112555 ]",fear
adfes,happy_c4d4db56875a371390b6ee8d695f9b39,M03-Joy-Apex.jpg,train,happy,M03,c4d4db56875a371390b6ee8d695f9b39,adfes/happy_c4d4db56875a371390b6ee8d695f9b39.png,20-29,0.51165336,"[5.1842849e-06 5.6475312e-03 4.6643507e-01 5.1165336e-01 1.5254568e-02
 9.5925521e-04 4.3215397e-05 1.7642947e-06 5.0295949e-08]",Male,0.99999714,[9.9999714e-01 2.8779812e-06],White,0.9999924,"[9.9999237e-01 1.8607587e-08 9.5751091e-07 4.1202321e-07 3.1550965e-07
 1.3692872e-08 5.9203162e-06]",White,0.9999895,[9.9998951e-01 4.5027955e-06 5.4148941e-06 4.9994691e-07],male,happy,"[-30.678635   -0.9862442 -34.05811   -35.946255  -36.93966   -18.79776
 -28.452192  -16.682089 ]",happy
adfes,neutral_1628d450d9e200111484622f39ea9ed1,M03-Neutral.jpg,train,neutral,M03,1628d450d9e200111484622f39ea9ed1,adfes/neutral_1628d450d9e200111484622f39ea9ed1.png,20-29,0.7734563,"[1.5315452e-06 5.2483857e-04 1.6881752e-01 7.7345628e-01 5.4691430e-02
 2.4644940e-03 4.3173372e-05 7.3230319e-07 9.4465236e-09]",Male,0.9999996,[9.999996e-01 4.584054e-07],White,0.99998087,"[9.9998087e-01 2.2608262e-08 4.5630045e-06 2.0487896e-07 2.7949167e-07
 3.2824833e-08 1.4076950e-05]",White,0.9999902,[9.9999022e-01 1.9092845e-06 4.9581613e-06 2.8701024e-06],male,neutral,"[ -7.5052357 -15.750382  -32.46556   -35.962467  -45.162483  -22.899345
 -27.79366   -13.441384 ]",neutral
adfes,sad_ce73b1000e2b7c434eeba4eb4dd30ca4,M03-Sad-Apex.jpg,train,sad,M03,ce73b1000e2b7c434eeba4eb4dd30ca4,adfes/sad_ce73b1000e2b7c434eeba4eb4dd30ca4.png,20-29,0.913765,"[7.7761314e-08 3.4489021e-05 3.7055004e-02 9.1376501e-01 4.8356891e-02
 7.7845558e-04 9.8526370e-06 1.5730780e-07 3.4749381e-09]",Male,0.99999744,[9.9999744e-01 2.5864852e-06],White,0.9999832,"[9.9998319e-01 1.4889726e-07 7.2853650e-06 3.6545686e-07 8.5169120e-07
 3.3662527e-08 8.1305998e-06]",White,0.9999932,[9.9999321e-01 2.7593230e-06 3.6172655e-06 4.0859462e-07],male,sad,"[-22.094639  -36.22978    -2.8319268 -31.611729  -16.336714   -7.8061404
 -15.703241  -20.905708 ]",sad
adfes,angry_2b2c943f4817b587c498371cac47a594,M04-Anger-Apex.jpg,train,angry,M04,2b2c943f4817b587c498371cac47a594,adfes/angry_2b2c943f4817b587c498371cac47a594.png,20-29,0.6430421,"[9.0892371e-08 5.0632452e-06 6.0764183e-03 6.4304209e-01 3.4166256e-01
 9.1779046e-03 3.5653051e-05 2.3233903e-07 3.8434593e-09]",Male,0.9990022,[9.990022e-01 9.978008e-04],White,0.9903023,"[9.9030232e-01 1.9791737e-06 6.1988970e-03 5.8221049e-06 1.1057612e-05
 1.3662569e-04 3.3432292e-03]",White,0.99982965,[9.9982965e-01 1.7473769e-06 1.2129978e-05 1.5651311e-04],male,anger,"[-19.736248  -31.338219   -6.9035296 -33.86995   -16.932215   -7.7307067
  -3.61537   -17.067774 ]",angry
adfes,disgust_d3690b9a19f7e26a1881215e8988ef2d,M04-Disgust-Apex.jpg,train,disgust,M04,d3690b9a19f7e26a1881215e8988ef2d,adfes/disgust_d3690b9a19f7e26a1881215e8988ef2d.png,20-29,0.56277573,"[4.5910738e-07 1.1931506e-05 5.1656202e-03 5.6277573e-01 3.8721797e-01
 4.4271108e-02 5.5253005e-04 4.4832273e-06 9.3933714e-08]",Male,0.9250612,[0.9250612  0.07493877],White,0.9943847,"[9.9438471e-01 1.7673166e-07 9.1805862e-04 1.1153096e-06 1.6459321e-06
 5.7548968e-05 4.6367971e-03]",White,0.99998605,[9.9998605e-01 6.3716435e-08 3.9977380e-07 1.3411903e-05],male,disgust,"[-44.50413   -32.006588  -34.118973  -32.09909   -26.112898   -1.5009792
 -15.95199   -24.325476 ]",disgust
adfes,fear_3612ea1c06dbe7db05492d7138d41d0c,M04-Fear-Apex.jpg,train,fear,M04,3612ea1c06dbe7db05492d7138d41d0c,adfes/fear_3612ea1c06dbe7db05492d7138d41d0c.png,30-39,0.4578884,"[2.5940730e-07 6.9504208e-06 6.6674231e-03 4.4678003e-01 4.5788839e-01
 8.5775912e-02 2.8257670e-03 5.3936361e-05 1.3703841e-06]",Male,0.8327954,[0.8327954  0.16720462],White,0.99933684,"[9.9933684e-01 8.2030158e-07 4.7896508e-04 1.8317627e-05 1.3592954e-05
 1.3189611e-05 1.3822468e-04]",White,0.99990994,[9.9990994e-01 1.6461922e-06 6.3573330e-05 2.4807932e-05],male,fear,"[-33.724796 -24.664473 -26.689123  -8.424913  -3.210994  -8.703987
 -13.595807 -18.991089]",fear
adfes,happy_13845d018a509625f249c32f5975539b,M04-Joy-Apex.jpg,train,happy,M04,13845d018a509625f249c32f5975539b,adfes/happy_13845d018a509625f249c32f5975539b.png,20-29,0.80173457,"[1.3552293e-08 1.9027005e-06 5.5123530e-03 8.0173457e-01 1.8757227e-01
 5.1500979e-03 2.8650740e-05 1.4083766e-07 3.0516238e-09]",Male,0.9993297,[9.9932969e-01 6.7031506e-04],White,0.9997522,"[9.99752223e-01 9.03791673e-08 1.09765955e-04 8.58045439e-08
 1.66181835e-07 2.32581624e-06 1.35371520e-04]",White,0.9999955,[9.9999553e-01 5.8155592e-07 1.3670133e-07 3.8664057e-06],male,happy,"[-23.875374   -2.4226859 -26.036812  -18.914984  -22.01706   -12.021556
 -22.225863   -6.319678 ]",happy
adfes,neutral_b0a09e63c662aaf64d9fafa014a342df,M04-Neutral.jpg,train,neutral,M04,b0a09e63c662aaf64d9fafa014a342df,adfes/neutral_b0a09e63c662aaf64d9fafa014a342df.png,20-29,0.7999749,"[7.4101870e-08 8.4873864e-06 1.6245915e-02 7.9997492e-01 1.8147902e-01
 2.2849969e-03 6.4215542e-06 7.7238859e-08 1.2053941e-09]",Male,0.99535465,[0.99535465 0.00464538],White,0.9923094,"[9.9230939e-01 1.5455823e-06 4.6858811e-03 8.7287990e-06 9.0648155e-06
 8.3032493e-05 2.9022968e-03]",White,0.9998588,[9.998588e-01 6.252331e-07 8.773847e-06 1.318620e-04],male,disgust,"[ -7.0666766 -19.69636   -14.063202  -12.8858595 -15.184562   -5.0230074
 -17.616045   -7.0646048]",disgust
adfes,sad_5ab7f713cfbe9ca5268558e4c5fa53b7,M04-Sad-Apex.jpg,train,sad,M04,5ab7f713cfbe9ca5268558e4c5fa53b7,adfes/sad_5ab7f713cfbe9ca5268558e4c5fa53b7.png,20-29,0.6007325,"[1.5191513e-07 8.6564960e-06 6.8511711e-03 6.0073251e-01 3.6500004e-01
 2.7131042e-02 2.7425282e-04 2.1803539e-06 3.9800021e-08]",Male,0.97154874,[0.97154874 0.02845126],White,0.9993632,"[9.9936318e-01 2.7826536e-07 4.4937761e-04 9.6728115e-07 1.4717765e-06
 1.6373193e-05 1.6840106e-04]",White,0.9999785,[9.9997848e-01 1.9647226e-07 2.5531754e-06 1.8742890e-05],male,disgust,"[-46.72281   -46.75156   -12.702379  -37.818596  -20.926472   -2.5591753
 -27.096806  -27.613262 ]",disgust
adfes,angry_1802e13b059c5eb085ac62fa05233caf,M05-Anger-Apex.jpg,train,angry,M05,1802e13b059c5eb085ac62fa05233caf,adfes/angry_1802e13b059c5eb085ac62fa05233caf.png,20-29,0.6936806,"[5.2036700e-07 2.9063283e-04 1.6685805e-01 6.9368058e-01 1.3390625e-01
 5.2018003e-03 6.0584291e-05 1.6787966e-06 3.8616495e-08]",Male,0.9983912,[0.9983912  0.00160877],Middle Eastern,0.626897,"[1.23519495e-01 4.49903426e-04 2.44700268e-01 1.00905553e-03
 1.91336637e-03 1.51096715e-03 6.26896977e-01]",White,0.96031594,[0.96031594 0.0017286  0.03008155 0.00787383],male,anger,"[-24.413399  -34.796696  -13.597311  -34.783604  -17.660067   -6.9391265
  -2.8086393 -17.37205  ]",angry
adfes,disgust_473e439118c3cb21683fb995d0a3e04a,M05-Disgust-Apex.jpg,train,disgust,M05,473e439118c3cb21683fb995d0a3e04a,adfes/disgust_473e439118c3cb21683fb995d0a3e04a.png,20-29,0.8170961,"[3.2011794e-08 3.7088899e-05 1.6069886e-01 8.1709611e-01 2.1967711e-02
 1.9902934e-04 1.1593347e-06 2.9734903e-08 5.4948696e-10]",Male,0.99970466,[9.9970466e-01 2.9530728e-04],Latino_Hispanic,0.39391482,"[0.27507374 0.00136736 0.39391482 0.0017522  0.00404685 0.00352985
 0.32031515]",White,0.9894966,[0.9894966  0.00225072 0.00285377 0.00539894],male,disgust,"[-38.255104 -27.05124  -14.421965 -30.355474 -16.47168   -1.768363
 -20.010054 -25.85129 ]",disgust
adfes,fear_41d2087a6da1e4957c2bc3433cddd356,M05-Fear-Apex.jpg,train,fear,M05,41d2087a6da1e4957c2bc3433cddd356,adfes/fear_41d2087a6da1e4957c2bc3433cddd356.png,20-29,0.78048384,"[1.1062088e-07 3.5168996e-05 5.4953452e-02 7.8048384e-01 1.6040713e-01
 4.0738042e-03 4.5303877e-05 1.2042834e-06 2.9830247e-08]",Male,0.90273315,[0.90273315 0.09726688],Middle Eastern,0.36602947,"[3.6387596e-01 1.4054634e-04 2.6493916e-01 1.3115609e-03 1.8179270e-03
 1.8853355e-03 3.6602947e-01]",White,0.9922303,[9.9223030e-01 4.7158723e-04 1.9073482e-03 5.3907814e-03],male,fear,"[-38.993065  -31.24533   -23.06232   -10.533637   -4.0514812  -5.530072
 -20.652433  -20.026903 ]",fear
adfes,happy_8b8269741abbe995679b60f3e7edf1cd,M05-Joy-Apex.jpg,train,happy,M05,8b8269741abbe995679b60f3e7edf1cd,adfes/happy_8b8269741abbe995679b60f3e7edf1cd.png,10-19,0.6957998,"[3.44089912e-08 3.19169019e-04 6.95799828e-01 3.00606847e-01
 3.24950740e-03 2.44911807e-05 1.06821176e-07 4.74396167e-09
 1.15602992e-10]",Male,0.999299,[9.992990e-01 7.009759e-04],White,0.56004035,"[5.6004035e-01 3.7592588e-04 2.4694927e-01 5.1057135e-04 7.9519750e-04
 4.3911819e-04 1.9088955e-01]",White,0.9936988,[9.9369878e-01 3.9836462e-03 8.2946761e-04 1.4882053e-03],male,happy,"[-20.014267   -3.3675494 -15.761539  -22.901197  -23.908808  -11.389629
 -22.109774   -3.563273 ]",happy
adfes,neutral_00bbed48b0b2dc44df76723dd356e938,M05-Neutral.jpg,train,neutral,M05,00bbed48b0b2dc44df76723dd356e938,adfes/neutral_00bbed48b0b2dc44df76723dd356e938.png,10-19,0.6220584,"[1.1263580e-07 4.9552944e-04 6.2205839e-01 3.6553398e-01 1.1734620e-02
 1.7648042e-04 7.5554112e-07 2.9927975e-08 5.7461508e-10]",Male,0.9983777,[0.9983777  0.00162233],Middle Eastern,0.7024782,"[1.81387201e-01 1.67388236e-04 1.15306266e-01 1.70218220e-04
 2.97348422e-04 1.93416083e-04 7.02478170e-01]",White,0.9972188,[9.9721879e-01 1.4937432e-03 6.1584020e-04 6.7162706e-04],male,neutral,"[ -6.91765   -26.312391  -15.694262  -14.1120205 -22.30797   -11.466421
 -23.653955  -16.689861 ]",neutral
adfes,sad_a823feec12381520602f72db9ef3c3ef,M05-Sad-Apex.jpg,train,sad,M05,a823feec12381520602f72db9ef3c3ef,adfes/sad_a823feec12381520602f72db9ef3c3ef.png,20-29,0.5452589,"[1.2341582e-07 2.2506657e-04 4.3953124e-01 5.4525888e-01 1.4746013e-02
 2.3713619e-04 1.5192094e-06 5.7179150e-08 1.1056762e-09]",Male,0.9994767,[9.994767e-01 5.233437e-04],Middle Eastern,0.38416073,"[3.1378460e-01 7.1241363e-04 3.0032593e-01 5.2711599e-05 1.3242738e-04
 8.3112298e-04 3.8416073e-01]",White,0.9953261,[9.9532610e-01 3.9599515e-03 3.8943865e-04 3.2452706e-04],male,sad,"[-19.509628 -40.493973  -3.838147 -32.16423  -21.925219 -10.287256
 -23.007761 -22.067524]",sad
adfes,angry_94a736cccd6d953b28c92f6a49513f7f,M06-Anger-Apex.jpg,val,angry,M06,94a736cccd6d953b28c92f6a49513f7f,adfes/angry_94a736cccd6d953b28c92f6a49513f7f.png,20-29,0.8255267,"[7.04369967e-08 1.41338624e-05 1.01087525e-01 8.25526714e-01
 7.21070543e-02 1.25514762e-03 9.22657000e-06 1.77082143e-07
 2.79846435e-09]",Male,0.99986225,[9.9986225e-01 1.3777078e-04],White,0.8358923,"[8.3589232e-01 5.1445066e-05 9.6994162e-02 2.9028730e-02 9.9558150e-03
 2.5524767e-03 2.5524955e-02]",White,0.9321302,[9.3213022e-01 8.9579691e-05 5.6846295e-02 1.0933885e-02],male,anger,"[-28.617393  -34.44372   -22.192816  -40.098694  -25.358465   -8.9508505
  -2.8150446 -13.87197  ]",angry
adfes,disgust_aebd68d66d7481f3b8ad53c8c7471864,M06-Disgust-Apex.jpg,val,disgust,M06,aebd68d66d7481f3b8ad53c8c7471864,adfes/disgust_aebd68d66d7481f3b8ad53c8c7471864.png,20-29,0.8879828,"[3.0703777e-08 3.2908590e-06 3.6071688e-02 8.8798279e-01 7.5077079e-02
 8.5871998e-04 6.2506674e-06 2.1054649e-07 4.2254777e-09]",Male,0.99936897,[9.9936897e-01 6.3102844e-04],White,0.56772435,"[5.6772435e-01 4.3098324e-05 1.2007089e-01 1.1172478e-02 6.9429702e-03
 1.2333279e-02 2.8171292e-01]",White,0.972873,[9.7287297e-01 7.6161414e-06 2.4450410e-02 2.6690129e-03],male,disgust,"[-40.57552   -28.741446  -38.190228  -34.439472  -33.798973   -1.6987859
 -17.616297  -24.504454 ]",disgust
adfes,fear_7738c81ffdfc016807739f427c6a1061,M06-Fear-Apex.jpg,val,fear,M06,7738c81ffdfc016807739f427c6a1061,adfes/fear_7738c81ffdfc016807739f427c6a1061.png,20-29,0.5574023,"[1.9999008e-07 2.6761185e-05 4.2441819e-02 5.5740231e-01 3.5662186e-01
 4.2081997e-02 1.3830521e-03 4.1150459e-05 7.4478658e-07]",Male,0.84339607,[0.84339607 0.15660393],White,0.58520144,"[5.8520144e-01 8.4610016e-05 3.3851191e-01 7.9207197e-03 8.5385833e-03
 1.2723531e-02 4.7019161e-02]",White,0.91567945,[9.1567945e-01 2.3052774e-04 6.8583481e-02 1.5506498e-02],male,fear,"[-43.53092  -30.289146 -24.875813 -13.225321  -3.184352  -8.48465
 -19.317873 -21.137163]",fear
adfes,happy_89af73f4ac44ecf37f7ecaac36721329,M06-Joy-Apex.jpg,val,happy,M06,89af73f4ac44ecf37f7ecaac36721329,adfes/happy_89af73f4ac44ecf37f7ecaac36721329.png,20-29,0.7897551,"[2.2442961e-08 1.7346663e-05 1.9452529e-01 7.8975511e-01 1.5563810e-02
 1.3721871e-04 1.1143732e-06 4.7967340e-08 1.3467767e-09]",Male,0.99885046,[0.99885046 0.00114953],White,0.8815741,"[8.8157409e-01 9.2394330e-05 6.5567218e-02 1.1797495e-02 7.4362466e-03
 3.7234661e-03 2.9809024e-02]",White,0.9501989,[9.5019889e-01 2.5721867e-05 4.7583811e-02 2.1915853e-03],male,happy,"[-22.91592    -2.3332806 -26.128521  -35.176025  -32.996338   -9.170948
 -18.308542   -5.2747445]",happy
adfes,neutral_38b7382e41a2f0c5eba06fd6d7c5e841,M06-Neutral.jpg,val,neutral,M06,38b7382e41a2f0c5eba06fd6d7c5e841,adfes/neutral_38b7382e41a2f0c5eba06fd6d7c5e841.png,20-29,0.72931075,"[4.1387270e-08 3.1265710e-05 2.5670746e-01 7.2931075e-01 1.3831581e-02
 1.1832908e-04 6.1747153e-07 2.4561075e-08 4.3810411e-10]",Male,0.99972004,[9.9972004e-01 2.7990798e-04],White,0.7988051,"[7.9880512e-01 1.4688901e-05 8.5187770e-02 2.5559163e-02 1.1353053e-02
 2.7489380e-03 7.6331198e-02]",White,0.67303604,[6.7303604e-01 9.1335596e-06 3.2417327e-01 2.7816009e-03],male,contempt,"[ -6.4363556 -11.341284  -20.97289   -13.745121  -16.975891   -6.3849273
 -11.530366   -4.7713733]",contempt
adfes,sad_72400bdabd11d3dc32292f2389ecd852,M06-Sad-Apex.jpg,val,sad,M06,72400bdabd11d3dc32292f2389ecd852,adfes/sad_72400bdabd11d3dc32292f2389ecd852.png,20-29,0.85037273,"[5.4035034e-08 8.1964154e-06 6.1998695e-02 8.5037273e-01 8.5403323e-02
 2.1921499e-03 2.4195921e-05 7.4658175e-07 1.8364499e-08]",Male,0.98957735,[0.98957735 0.01042264],White,0.4103722,"[4.1037220e-01 2.6643573e-04 3.6940122e-01 3.0613614e-03 4.5101987e-03
 3.3220254e-02 1.7916836e-01]",White,0.81869,[0.81869    0.00121778 0.11558688 0.06450525],male,disgust,"[-38.15044   -37.798832   -8.94121   -37.727722  -17.634424   -3.0545843
 -13.597992  -21.300537 ]",disgust
adfes,fear_9834a33bf19d1e994a9e11daa97038ea,M09-Fear-Apex.jpg,train,fear,M09,9834a33bf19d1e994a9e11daa97038ea,adfes/fear_9834a33bf19d1e994a9e11daa97038ea.png,30-39,0.58196783,"[7.4940996e-05 1.4831984e-03 1.4079322e-02 2.0717013e-01 5.8196783e-01
 1.9069020e-01 4.4336710e-03 9.9495039e-05 1.1735796e-06]",Male,0.9999808,[9.9998081e-01 1.9152081e-05],Middle Eastern,0.72598517,"[0.04148391 0.00206713 0.18233569 0.00082873 0.00445807 0.04284126
 0.72598517]",White,0.81005156,[0.81005156 0.01702012 0.0226363  0.15029202],male,disgust,"[-14.404176   -9.442954  -15.270193   -5.3075805  -5.425045   -3.9205947
 -13.533007  -10.960931 ]",disgust
adfes,happy_4cf9e1571a73f24ddf0e564c3a14477b,M09-Joy-Apex.jpg,train,happy,M09,4cf9e1571a73f24ddf0e564c3a14477b,adfes/happy_4cf9e1571a73f24ddf0e564c3a14477b.png,20-29,0.8183593,"[7.37064556e-06 1.34466297e-03 3.30836736e-02 8.18359315e-01
 1.43234596e-01 3.94816604e-03 2.14639858e-05 6.91937771e-07
 1.12957945e-08]",Male,0.99999934,[9.9999934e-01 7.0525829e-07],Middle Eastern,0.9527463,"[1.4948070e-02 1.6990977e-03 2.3549659e-02 1.6229328e-04 5.2121514e-04
 6.3733966e-03 9.5274627e-01]",White,0.8137492,[0.8137492  0.05741614 0.01867015 0.11016445],male,happy,"[-22.930828   -1.3716384 -15.670515  -28.750204  -25.107388  -11.401955
 -20.585062   -6.3493776]",happy
adfes,neutral_8bb02484d4eb0c5a87d4183422a2f37b,M09-Neutral.jpg,train,neutral,M09,8bb02484d4eb0c5a87d4183422a2f37b,adfes/neutral_8bb02484d4eb0c5a87d4183422a2f37b.png,20-29,0.71658057,"[2.3078276e-06 1.6356942e-04 1.3930702e-02 7.1658057e-01 2.6373801e-01
 5.5602803e-03 2.4062741e-05 4.6162012e-07 7.6910682e-09]",Male,0.99996364,[9.9996364e-01 3.6375397e-05],Middle Eastern,0.84298474,"[5.0993808e-02 5.0053024e-04 9.8785713e-02 1.1170250e-03 2.3648972e-03
 3.2532527e-03 8.4298474e-01]",White,0.8830526,[0.8830526  0.02497295 0.07957868 0.01239583],male,neutral,"[ -6.927978 -23.114065 -21.787786 -40.42626  -40.9416   -15.286108
 -14.939549 -11.407623]",neutral
adfes,sad_a84e8913d5a4d99ea27756caff158cdd,M09-Sad-Apex.jpg,train,sad,M09,a84e8913d5a4d99ea27756caff158cdd,adfes/sad_a84e8913d5a4d99ea27756caff158cdd.png,20-29,0.7044805,"[1.5379264e-05 1.1784117e-03 2.8977741e-02 7.0448053e-01 2.5654855e-01
 8.7385941e-03 5.9357350e-05 1.4541879e-06 2.5423624e-08]",Male,0.99996436,[9.9996436e-01 3.5669433e-05],Middle Eastern,0.8251693,"[5.8178719e-02 7.2028686e-04 1.0963186e-01 5.0738564e-04 1.1419575e-03
 4.6504270e-03 8.2516932e-01]",White,0.96751314,[0.96751314 0.00421512 0.01227902 0.01599274],male,anger,"[-19.288652  -30.841696  -10.527502  -42.65103   -28.110518   -6.5905733
  -3.9779124 -16.506077 ]",angry
adfes,angry_e6461e5e9abe3a47817097898fa7565f,M10-Anger-Apex.jpg,train,angry,M10,e6461e5e9abe3a47817097898fa7565f,adfes/angry_e6461e5e9abe3a47817097898fa7565f.png,30-39,0.5101326,"[3.5098262e-07 2.4141935e-05 2.8496340e-03 4.7467333e-01 5.1013261e-01
 1.2281004e-02 3.8567432e-05 2.9842244e-07 4.2441362e-09]",Male,0.99998575,[9.9998575e-01 1.4222383e-05],Latino_Hispanic,0.5650881,"[1.8303354e-01 9.3689596e-04 5.6508809e-01 1.9758391e-04 6.8942056e-04
 4.4491362e-02 2.0556317e-01]",White,0.7894115,[0.7894115  0.00268269 0.01013663 0.19776918],male,fear,"[-22.174332  -25.934053  -16.858192  -18.18022    -3.8413475  -6.2360854
  -4.0505724 -17.804535 ]",fear
adfes,disgust_3a1bae050380d696d815ed5c7337e1f0,M10-Disgust-Apex.jpg,train,disgust,M10,3a1bae050380d696d815ed5c7337e1f0,adfes/disgust_3a1bae050380d696d815ed5c7337e1f0.png,30-39,0.504216,"[1.9252133e-07 7.5397870e-06 1.3144176e-03 4.7739008e-01 5.0421602e-01
 1.6977245e-02 9.3657327e-05 8.4899364e-07 1.2014362e-08]",Male,0.99998784,[9.9998784e-01 1.2194402e-05],Middle Eastern,0.5578239,"[4.9813606e-02 1.6764578e-04 1.7259258e-01 5.5498687e-05 2.0905302e-04
 2.1933772e-01 5.5782390e-01]",Indian,0.54441917,[4.5465758e-01 4.5971610e-04 4.6354459e-04 5.4441917e-01],male,disgust,"[-40.31518   -22.745789  -32.777534  -24.35147   -19.616638   -1.6692864
 -16.04859   -21.882309 ]",disgust
adfes,fear_440624c47800840385528a263d870407,M10-Fear-Apex.jpg,train,fear,M10,440624c47800840385528a263d870407,adfes/fear_440624c47800840385528a263d870407.png,20-29,0.73285145,"[2.2737667e-07 1.7782637e-05 4.7517605e-03 7.3285145e-01 2.5896013e-01
 3.4102725e-03 8.2325887e-06 1.5979421e-07 2.3053899e-09]",Male,0.99999523,[9.9999523e-01 4.7925864e-06],Middle Eastern,0.5784369,"[1.0480555e-01 9.8472112e-05 2.2852582e-01 6.1446958e-04 1.8665483e-03
 8.5652202e-02 5.7843691e-01]",White,0.7339255,[0.7339255  0.00526985 0.00654913 0.2542556 ],male,fear,"[-41.208057  -30.298956  -30.445704  -10.447376   -4.1330624  -8.702454
 -18.417738  -22.148695 ]",fear
adfes,happy_8b4ee4968b1a583594e2a52a945e51f6,M10-Joy-Apex.jpg,train,happy,M10,8b4ee4968b1a583594e2a52a945e51f6,adfes/happy_8b4ee4968b1a583594e2a52a945e51f6.png,20-29,0.8070904,"[4.4768936e-07 5.2047657e-05 1.4925516e-02 8.0709040e-01 1.7445397e-01
 3.4404516e-03 3.6327379e-05 8.2113064e-07 2.3149868e-08]",Male,0.9998188,[9.9981880e-01 1.8120883e-04],Latino_Hispanic,0.48704982,"[0.18919104 0.00276766 0.48704982 0.00188431 0.00555013 0.05116224
 0.26239476]",White,0.90031433,[0.90031433 0.00356082 0.00433185 0.09179302],male,happy,"[-26.441952   -2.0088809 -23.769653  -29.778263  -28.409016  -17.946196
 -27.090712   -7.5111547]",happy
adfes,neutral_20bae38c6396bdd80263e1e825a5de93,M10-Neutral.jpg,train,neutral,M10,20bae38c6396bdd80263e1e825a5de93,adfes/neutral_20bae38c6396bdd80263e1e825a5de93.png,20-29,0.75439066,"[7.55537428e-07 1.12200534e-04 1.24218911e-02 7.54390657e-01
 2.30359346e-01 2.70813354e-03 6.97792302e-06 9.14540905e-08
 1.78458137e-09]",Male,0.9997499,[9.9974990e-01 2.5008136e-04],Middle Eastern,0.44182968,"[2.4547566e-01 1.6432432e-04 2.6834011e-01 1.2834594e-03 2.1292400e-03
 4.0777504e-02 4.4182968e-01]",White,0.94947606,[9.4947606e-01 5.7792547e-04 6.9968044e-03 4.2949203e-02],male,neutral,"[ -6.116931 -10.902755 -22.010117 -13.771751 -19.737896 -11.282129
 -20.135134  -7.941503]",neutral
adfes,sad_0848c37cced88e4115c934ebd7bd0da4,M10-Sad-Apex.jpg,train,sad,M10,0848c37cced88e4115c934ebd7bd0da4,adfes/sad_0848c37cced88e4115c934ebd7bd0da4.png,20-29,0.6875269,"[4.9994242e-07 3.0990665e-05 7.5403834e-03 6.8752688e-01 2.9804456e-01
 6.8203346e-03 3.5955884e-05 4.5675517e-07 8.5439931e-09]",Male,0.9999629,[9.999629e-01 3.707108e-05],Middle Eastern,0.44163045,"[2.6352912e-01 2.2534293e-04 2.4384904e-01 3.7823452e-04 1.2286113e-03
 4.9159221e-02 4.4163045e-01]",White,0.94622654,[0.94622654 0.00187596 0.00267839 0.04921907],male,fear,"[-24.288162  -24.304995  -10.336275  -14.166221   -1.2014225  -7.5109854
 -19.304102  -14.857937 ]",fear
adfes,angry_0f9be37f6c3fdc54edf86650ed2fc505,M11-Anger-Apex.jpg,train,angry,M11,0f9be37f6c3fdc54edf86650ed2fc505,adfes/angry_0f9be37f6c3fdc54edf86650ed2fc505.png,20-29,0.71186686,"[2.3173963e-07 1.0086458e-05 8.3000083e-03 7.1186686e-01 2.7200237e-01
 7.7458327e-03 7.3968622e-05 6.4868090e-07 1.4352797e-08]",Male,0.99986446,[9.9986446e-01 1.3559965e-04],White,0.9896175,"[9.8961753e-01 9.9768258e-05 8.4414156e-03 1.7410566e-05 2.7674761e-05
 9.7514283e-05 1.6986029e-03]",White,0.99945277,[9.9945277e-01 1.9372680e-04 8.5260421e-05 2.6820859e-04],male,anger,"[-24.72091   -22.455206  -17.80234   -32.08069   -19.414125   -5.319383
  -3.9352458 -10.591024 ]",angry
adfes,disgust_8d4ddccaad87a5ac56f526cae636f77d,M11-Disgust-Apex.jpg,train,disgust,M11,8d4ddccaad87a5ac56f526cae636f77d,adfes/disgust_8d4ddccaad87a5ac56f526cae636f77d.png,20-29,0.8874116,"[2.9534530e-07 4.9398757e-05 5.5156257e-02 8.8741159e-01 5.6456737e-02
 9.1744651e-04 8.0924538e-06 1.8446718e-07 4.8754845e-09]",Male,0.99921113,[9.9921113e-01 7.8889338e-04],White,0.9605776,"[9.6057761e-01 1.3754650e-05 7.8286100e-03 2.6791344e-05 4.3899905e-05
 1.8990359e-04 3.1319480e-02]",White,0.9998528,[9.9985278e-01 5.4144862e-06 7.1527065e-05 7.0273614e-05],male,disgust,"[-47.537342 -33.923367 -30.514338 -35.084072 -29.518776  -1.516233
 -15.943687 -29.38211 ]",disgust
adfes,fear_e4fedaef06a079ca6ac8bb1444f1f90f,M11-Fear-Apex.jpg,train,fear,M11,e4fedaef06a079ca6ac8bb1444f1f90f,adfes/fear_e4fedaef06a079ca6ac8bb1444f1f90f.png,20-29,0.7438959,"[3.65543529e-09 2.55145011e-07 4.37773578e-03 7.43895888e-01
 2.42158711e-01 9.46369674e-03 1.03090424e-04 6.75817262e-07
 1.01801474e-08]",Male,0.9999934,[9.999934e-01 6.664673e-06],White,0.9993815,"[9.99381483e-01 1.67350754e-06 4.48450824e-04 8.93648121e-06
 1.28264055e-05 3.37424740e-06 1.43247686e-04]",White,0.99978656,[9.9978656e-01 4.4179819e-06 1.9466178e-04 1.4263972e-05],male,fear,"[-38.396275  -27.22684   -25.05468    -8.35909    -3.2958078  -9.228356
 -18.552618  -21.474455 ]",fear
adfes,happy_fb32d5bc388abce2ed8bc0a6b8758d54,M11-Joy-Apex.jpg,train,happy,M11,fb32d5bc388abce2ed8bc0a6b8758d54,adfes/happy_fb32d5bc388abce2ed8bc0a6b8758d54.png,20-29,0.7819602,"[6.7725907e-08 5.1004981e-06 1.3291608e-02 7.8196019e-01 1.8940350e-01
 1.4666255e-02 6.6383986e-04 9.2007631e-06 2.5784533e-07]",Male,0.99969864,[9.9969864e-01 3.0139028e-04],White,0.994265,"[9.9426502e-01 1.3224120e-04 3.2510078e-03 6.6633647e-06 1.7247887e-05
 1.8347413e-05 2.3095112e-03]",White,0.99995655,[9.9995655e-01 1.1622402e-05 2.4378374e-05 7.4768654e-06],male,happy,"[-22.198612   -1.6501629 -22.641048  -30.090334  -30.512785  -12.029099
 -21.757935   -8.078366 ]",happy
adfes,neutral_2b92f97eeef5b729521da56705d1a192,M11-Neutral.jpg,train,neutral,M11,2b92f97eeef5b729521da56705d1a192,adfes/neutral_2b92f97eeef5b729521da56705d1a192.png,20-29,0.88892215,"[2.1294232e-08 3.6556005e-06 3.9545335e-02 8.8892215e-01 7.0357487e-02
 1.1629517e-03 8.2240458e-06 8.5989200e-08 1.2132748e-09]",Male,0.99994713,[9.9994713e-01 5.2840925e-05],White,0.9903414,"[9.9034142e-01 3.1073221e-05 6.6112364e-03 3.2444186e-05 3.8471295e-05
 1.2074626e-05 2.9332845e-03]",White,0.99986273,[9.9986273e-01 4.8151192e-05 5.9350175e-05 2.9823159e-05],male,neutral,"[ -7.43474  -20.990067 -22.865938 -26.822744 -34.811165 -13.949043
 -26.058691 -13.880802]",neutral
adfes,sad_679ad312c2f0f0266ac53ba10716c01d,M11-Sad-Apex.jpg,train,sad,M11,679ad312c2f0f0266ac53ba10716c01d,adfes/sad_679ad312c2f0f0266ac53ba10716c01d.png,20-29,0.830265,"[1.1278476e-08 1.1281360e-06 1.0562059e-02 8.3026499e-01 1.5626892e-01
 2.8869042e-03 1.5876105e-05 1.2255724e-07 2.1999924e-09]",Male,0.99954504,[9.9954504e-01 4.5501656e-04],White,0.9984377,"[9.9843770e-01 2.3162104e-06 1.0429675e-03 1.5421820e-05 1.4434165e-05
 6.0824341e-06 4.8113347e-04]",White,0.9999427,[9.9994272e-01 2.8531574e-06 4.9837596e-05 4.5779407e-06],male,disgust,"[-21.833508  -32.431137   -4.656739  -24.215574  -12.375794   -3.5006597
 -18.21438   -18.033346 ]",disgust
adfes,angry_0b7067fe559f7dd2681765ea0f95a8db,M12-Anger-Apex.jpg,train,angry,M12,0b7067fe559f7dd2681765ea0f95a8db,adfes/angry_0b7067fe559f7dd2681765ea0f95a8db.png,20-29,0.52117354,"[7.5999965e-06 2.4500352e-03 1.0490977e-01 5.2117354e-01 3.4461153e-01
 2.6559079e-02 2.8566574e-04 2.6817074e-06 7.4047556e-08]",Male,0.9990003,[0.9990003  0.00099965],White,0.9486657,"[9.4866568e-01 1.9848210e-06 3.1041332e-02 8.2038349e-04 7.1823370e-04
 2.6680058e-04 1.8485613e-02]",White,0.9994517,[9.9945170e-01 2.4587234e-07 5.3551816e-04 1.2597230e-05],male,anger,"[-19.617828  -28.936947  -13.669603  -22.401934   -6.408326   -5.4222665
  -4.782172  -19.587137 ]",angry
adfes,disgust_2af70fb53714984a71d373f7d833f15c,M12-Disgust-Apex.jpg,train,disgust,M12,2af70fb53714984a71d373f7d833f15c,adfes/disgust_2af70fb53714984a71d373f7d833f15c.png,20-29,0.8001146,"[4.5501471e-07 9.1257156e-05 4.0527236e-02 8.0011457e-01 1.5024778e-01
 8.9360699e-03 8.2029444e-05 5.5273802e-07 1.5450130e-08]",Male,0.99947333,[9.9947333e-01 5.2667188e-04],White,0.9995477,"[9.9954772e-01 1.0637704e-08 5.7901489e-05 1.0788321e-05 4.2135312e-06
 2.2037445e-06 3.7718593e-04]",White,0.9997992,[9.9979919e-01 3.2557449e-07 1.6657401e-04 3.3952536e-05],male,disgust,"[-37.761578 -25.254898 -30.866098 -28.39396  -27.271763  -1.359296
 -19.22936  -24.572035]",disgust
adfes,fear_35a0787b5b245b96e66ce52b287e58bc,M12-Fear-Apex.jpg,train,fear,M12,35a0787b5b245b96e66ce52b287e58bc,adfes/fear_35a0787b5b245b96e66ce52b287e58bc.png,30-39,0.5610798,"[6.1021956e-07 2.0877193e-05 5.4239715e-03 1.8224950e-01 5.6107980e-01
 2.4222521e-01 8.9162970e-03 8.2620521e-05 1.1620888e-06]",Male,0.98168194,[0.98168194 0.01831811],White,0.9888315,"[9.8883152e-01 4.1815164e-07 4.1768732e-03 2.5503503e-04 2.3702822e-04
 5.4587457e-05 6.4445417e-03]",White,0.99644774,[9.9644774e-01 3.8669216e-07 3.5046400e-03 4.7155376e-05],male,fear,"[-23.888779   -25.120262   -15.563793   -11.800869    -0.60307455
  -8.102145   -14.860852   -15.554745  ]",fear
adfes,happy_8bd6e34d3b0ec79fb85f737ad16abea6,M12-Joy-Apex.jpg,train,happy,M12,8bd6e34d3b0ec79fb85f737ad16abea6,adfes/happy_8bd6e34d3b0ec79fb85f737ad16abea6.png,20-29,0.7697364,"[2.2630866e-07 9.2331160e-05 4.8668902e-02 7.6973641e-01 1.7010033e-01
 1.1184865e-02 2.1376801e-04 3.0706683e-06 1.3926126e-07]",Male,0.924193,[0.924193   0.07580698],White,0.99690473,"[9.9690473e-01 1.1984681e-06 1.0305380e-03 2.4171466e-04 1.6354068e-04
 3.6866550e-05 1.6214150e-03]",White,0.9994072,[9.9940717e-01 5.5729092e-06 4.6913029e-04 1.1815491e-04],male,happy,"[-21.50357    -1.9183095 -23.544909  -36.129204  -34.38759   -14.211756
 -22.171778   -5.6389246]",happy
adfes,neutral_51d5f49c7d079b7a439794955df9ab92,M12-Neutral.jpg,train,neutral,M12,51d5f49c7d079b7a439794955df9ab92,adfes/neutral_51d5f49c7d079b7a439794955df9ab92.png,20-29,0.8056275,"[1.5372640e-07 8.0510348e-05 6.7334883e-02 8.0562752e-01 1.2438430e-01
 2.5654647e-03 7.1390737e-06 4.4226226e-08 8.5023794e-10]",Male,0.9997483,[9.9974829e-01 2.5169368e-04],White,0.9938953,"[9.9389529e-01 6.5393884e-08 1.0441515e-03 8.2828949e-05 4.8668058e-05
 1.0880999e-05 4.9180384e-03]",White,0.9999033,[9.9990332e-01 1.1877732e-07 8.8372806e-05 8.1421276e-06],male,neutral,"[ -6.775958 -28.01542  -22.91588  -21.204912 -28.539984 -14.432511
 -21.909454 -17.39863 ]",neutral
adfes,sad_511c54ab966bdc47c74dde48584e34b7,M12-Sad-Apex.jpg,train,sad,M12,511c54ab966bdc47c74dde48584e34b7,adfes/sad_511c54ab966bdc47c74dde48584e34b7.png,20-29,0.807032,"[2.6766386e-08 1.2862726e-05 2.1071607e-02 8.0703199e-01 1.6813423e-01
 3.7357274e-03 1.3486102e-05 6.7400514e-08 1.5443130e-09]",Male,0.99931127,[9.9931127e-01 6.8876869e-04],White,0.9984106,"[9.9841058e-01 1.1049967e-07 4.0132925e-04 1.4468566e-04 1.1141143e-04
 5.8957894e-06 9.2602678e-04]",White,0.99937725,[9.9937725e-01 3.1190248e-07 6.1183260e-04 1.0510254e-05],male,disgust,"[-21.962683  -29.865194   -5.791167  -25.044764  -10.851405   -5.3256254
 -21.401234  -16.38721  ]",disgust
